athlete_id,source,start_time,sport,duration_min,load,hr_mean,ftp,lthr
ath_03,garmin,2024-06-07 10:15:00,run,38.5,39.9,119.9,,
ath_04,garmin,2024-04-08 10:23:01,ride,128.2,44.2,142.7,,
ath_05,strava,2024-05-11 19:23:00+00:00,other,12.8,34.7,,,172.0
ath_05,strava,2024-03-18 12:30:00+00:00,ride,101.9,90.3,154.7,210.0,172.0
ath_01,strava,2024-03-09 16:15:00+00:00,ride,64.5,67.8,147.5,,
ath_04,strava,2024-05-07 12:15:00+00:00,run,41.4,54.0,145.1,225.0,
ath_03,strava,2024-06-21 16:45:00+00:00,run,66.1,32.6,128.6,,158.0
ath_03,strava,2024-01-07 13:30:00+00:00,ride,75.1,33.8,125.6,,158.0
ath_04,strava,2024-02-28 20:45:00+00:00,ride,51.6,65.1,139.0,225.0,172.0
ath_04,garmin,2024-02-22 02:30:00,ride,76.1,88.5,134.2,,
ath_02,strava,2024-02-28 05:15:00+00:00,ride,92.5,56.2,123.0,,
ath_04,strava,2024-05-17 17:30:00+00:00,ride,96.5,40.8,136.1,,
ath_05,garmin,2024-05-14 03:15:00,ride,54.6,21.9,140.6,,
ath_03,strava,2024-02-02 07:23:00+00:00,ride,139.8,79.9,130.7,,
ath_01,strava,2024-02-06 16:00:00+00:00,swim,40.3,30.9,146.5,210.0,
ath_04,garmin,2024-03-06 08:59:58,swim,47.7,64.3,127.1,225.0,172.0
ath_05,strava,2024-02-23 12:00:00+00:00,run,76.5,55.7,123.0,,
ath_00,strava,2024-02-18 19:07:00+00:00,ride,62.3,77.4,128.6,,165.0
ath_00,strava,2024-02-26 10:15:00+00:00,run,56.6,70.9,128.4,,165.0
ath_04,strava,2024-04-22 12:15:00+00:00,ride,72.4,79.9,137.4,225.0,
ath_02,garmin,2024-07-11 14:45:00,run,64.3,15.0,121.1,,
ath_01,garmin,2024-05-24 05:23:00,swim,40.4,59.2,162.3,210.0,176.0
ath_02,strava,2024-03-05 16:30:00+00:00,run,49.5,57.5,140.0,240.0,
ath_04,strava,2024-03-17 14:15:00+00:00,run,63.6,46.0,142.4,225.0,172.0
ath_00,strava,2024-03-04 14:07:00+00:00,run,69.6,55.1,121.3,,165.0
ath_03,garmin,2024-04-29 09:30:00,run,67.6,36.4,142.9,,
ath_05,garmin,2024-01-31 03:23:00,run,43.5,59.9,148.0,210.0,
ath_04,strava,2024-07-24 08:00:00+00:00,run,57.8,95.0,174.9,,
ath_01,garmin,2024-05-22 13:30:00,ride,117.6,57.7,151.3,,
ath_04,garmin,2024-07-09 01:30:00,run,62.1,58.4,122.8,225.0,172.0
ath_01,garmin,2024-01-06 01:45:00,run,94.1,91.3,151.2,210.0,
ath_05,garmin,2024-01-04 07:15:00,other,57.1,13.4,,,172.0
ath_00,garmin,2024-02-05 08:06:46,run,42.1,56.5,151.2,,165.0
ath_03,strava,2024-01-16 10:23:00+00:00,ride,80.1,53.7,134.5,290.0,
ath_03,strava,2024-05-31 20:51:52+00:00,ride,42.7,19.0,126.5,290.0,158.0
ath_01,strava,2024-04-03 06:15:00+00:00,run,71.5,58.4,148.9,,
ath_05,strava,2024-02-15 06:23:00+00:00,ride,78.1,66.8,134.8,,
ath_04,strava,2024-03-25 07:30:00+00:00,ride,91.5,39.5,168.1,,
ath_02,strava,2024-01-19 08:45:00+00:00,ride,88.7,69.3,131.4,,
ath_00,strava,2024-06-02 16:45:00+00:00,run,73.5,53.2,127.3,,
ath_03,garmin,2024-04-13 03:45:00,run,21.4,69.1,115.7,,
ath_04,strava,2024-01-04 11:15:00+00:00,ride,80.9,23.5,125.1,225.0,172.0
ath_04,garmin,2024-07-19 15:00:00,ride,123.3,54.4,158.8,,
ath_03,garmin,2024-05-31 15:45:00,ride,106.8,47.6,126.5,290.0,158.0
ath_02,strava,2024-03-19 07:00:00+00:00,run,44.5,42.5,150.5,240.0,
ath_00,strava,2024-01-05 09:15:00+00:00,run,29.3,48.7,118.4,,165.0
ath_05,garmin,2024-05-27 06:00:09,run,8.6,39.5,142.1,,
ath_05,garmin,2024-05-01 06:45:00,run,62.7,34.6,159.0,,
ath_01,strava,2024-01-24 12:07:00+00:00,run,59.0,36.4,129.8,210.0,
ath_05,garmin,2024-05-14 04:12:36,ride,36.4,14.6,140.6,,
ath_04,strava,2024-04-18 10:00:00+00:00,other,58.3,34.2,,,
ath_04,strava,2024-05-25 19:23:00+00:00,ride,135.4,63.7,131.6,,
ath_04,garmin,2024-03-08 10:00:00,run,65.1,47.5,129.2,,
ath_00,garmin,2024-04-07 13:30:00,ride,94.2,73.4,131.5,,
ath_05,garmin,2024-05-20 03:23:00,run,83.3,84.8,155.4,210.0,172.0
ath_04,garmin,2024-06-01 10:00:00,ride,78.8,79.6,135.7,,
ath_04,strava,2024-04-06 08:23:00+00:00,ride,102.7,81.0,146.4,,172.0
ath_05,strava,2024-02-22 16:30:00+00:00,swim,25.9,41.6,124.9,,
ath_03,strava,2024-02-06 05:45:00+00:00,ride,130.3,78.2,105.4,,158.0
ath_05,garmin,2024-06-13 04:07:00,run,49.9,66.7,150.2,,
ath_05,garmin,2024-03-09 15:00:00,run,33.6,82.6,139.3,210.0,172.0
ath_01,garmin,2024-05-30 10:30:00,ride,32.5,52.5,129.9,,176.0
ath_05,garmin,2024-04-12 02:00:00,ride,120.2,116.0,154.8,210.0,
ath_05,strava,2024-02-05 07:07:00+00:00,ride,62.1,68.0,143.3,,172.0
ath_02,garmin,2024-01-19 06:23:00,run,47.0,35.4,148.1,,
ath_04,strava,2024-01-26 14:23:00+00:00,ride,80.4,90.5,135.9,225.0,
ath_02,strava,2024-03-13 13:00:00+00:00,run,50.9,93.1,121.8,240.0,165.0
ath_00,strava,2024-06-20 14:07:00+00:00,ride,92.7,56.7,143.5,225.0,
ath_04,garmin,2024-02-16 02:15:00,run,57.4,63.6,134.9,225.0,
ath_05,strava,2024-03-12 10:23:00+00:00,run,33.1,44.9,120.1,,172.0
ath_03,garmin,2024-03-01 07:15:00,swim,41.8,49.8,142.2,290.0,158.0
ath_03,garmin,2024-06-29 07:30:00,other,50.4,35.8,,,
ath_04,garmin,2024-02-25 00:15:00,swim,76.1,45.7,130.5,225.0,
ath_02,garmin,2024-05-20 13:30:00,ride,95.2,91.6,120.1,240.0,165.0
ath_02,strava,2024-05-19 05:45:00+00:00,ride,83.1,73.2,131.1,240.0,
ath_03,strava,2024-06-18 18:07:00+00:00,run,53.5,82.2,114.5,,
ath_04,strava,2024-07-14 12:23:00+00:00,ride,90.8,50.4,141.1,,
ath_00,strava,2024-04-12 20:30:00+00:00,run,102.3,19.1,129.0,225.0,165.0
ath_00,strava,2024-05-01 15:23:00+00:00,run,24.2,42.4,135.5,,165.0
ath_02,garmin,2024-04-07 08:00:00,ride,108.2,82.6,134.9,,
ath_04,garmin,2024-02-19 02:15:00,run,57.2,66.9,142.3,,172.0
ath_03,garmin,2024-02-10 05:23:00,ride,68.3,74.9,148.2,,
ath_01,strava,2024-01-13 05:23:00+00:00,run,35.5,46.3,143.7,210.0,
ath_00,strava,2024-06-19 06:07:00+00:00,run,74.4,93.3,124.4,,165.0
ath_04,strava,2024-02-21 19:30:00+00:00,run,73.8,23.2,152.4,225.0,
ath_04,garmin,2024-06-08 11:30:00,run,47.0,74.8,139.7,,
ath_05,strava,2024-05-24 08:07:00+00:00,ride,146.3,65.5,144.0,,
ath_00,strava,2024-07-28 18:45:00+00:00,swim,56.3,57.9,143.8,,165.0
ath_04,garmin,2024-02-10 14:23:00,ride,102.0,64.0,135.6,225.0,172.0
ath_01,garmin,2024-04-08 04:07:00,run,61.2,67.8,144.6,,
ath_03,strava,2024-06-10 17:23:00+00:00,run,57.9,24.2,137.5,290.0,
ath_02,strava,2024-03-05 13:15:00+00:00,swim,27.4,17.9,138.5,,165.0
ath_05,garmin,2024-07-21 15:00:00,run,64.8,50.0,140.1,,
ath_05,strava,2024-03-30 08:45:00+00:00,ride,96.1,35.9,141.6,,
ath_03,strava,2024-02-03 06:30:00+00:00,other,63.7,41.2,,,
ath_05,garmin,2024-07-25 11:51:24,ride,42.3,30.6,133.4,,172.0
ath_02,garmin,2024-01-01 01:00:00,ride,76.3,105.0,133.6,240.0,
ath_02,garmin,2024-05-27 11:23:00,run,8.0,74.0,119.5,,
ath_03,garmin,2024-06-29 06:45:00,ride,86.1,105.6,138.7,290.0,158.0
ath_04,strava,2024-01-03 18:00:00+00:00,ride,105.7,34.3,134.0,,172.0
ath_00,garmin,2024-01-17 12:07:00,run,57.8,67.5,136.7,225.0,165.0
ath_00,garmin,2024-04-17 14:45:00,ride,135.2,93.0,141.2,225.0,165.0
ath_05,strava,2024-07-23 06:15:00+00:00,ride,121.5,37.0,133.1,,
ath_02,garmin,2024-06-08 17:05:42,other,11.8,8.9,,240.0,165.0
ath_05,strava,2024-04-20 19:15:00+00:00,run,32.1,77.1,130.9,210.0,172.0
ath_02,garmin,2024-04-04 05:15:00,swim,81.0,28.3,134.6,,
ath_04,strava,2024-02-16 09:00:00+00:00,run,34.3,53.1,128.8,,
ath_04,strava,2024-05-26 06:07:00+00:00,ride,102.7,53.7,121.6,225.0,
ath_00,strava,2024-03-27 16:07:00+00:00,ride,85.1,59.4,144.0,,165.0
ath_05,strava,2024-04-17 16:45:00+00:00,ride,124.2,108.4,113.9,210.0,
ath_00,garmin,2024-06-02 12:44:53,run,44.1,31.9,127.3,,
ath_01,strava,2024-07-20 12:15:00+00:00,ride,69.4,127.1,134.1,,
ath_03,garmin,2024-07-13 11:29:46,run,48.6,61.1,144.7,290.0,158.0
ath_00,strava,2024-07-15 08:00:00+00:00,ride,55.1,39.2,128.7,,
ath_04,strava,2024-05-13 15:15:00+00:00,swim,46.3,34.3,150.0,,
ath_00,strava,2024-05-17 11:15:00+00:00,run,40.0,54.8,144.3,,165.0
ath_03,garmin,2024-03-09 15:00:00,run,80.9,35.0,140.3,290.0,158.0
ath_04,strava,2024-06-20 08:45:00+00:00,run,51.6,74.8,127.9,,172.0
ath_00,strava,2024-06-13 19:07:00+00:00,swim,44.7,35.8,137.9,,
ath_05,garmin,2024-02-16 00:23:00,run,65.5,79.1,113.0,,172.0
ath_03,garmin,2024-05-24 16:07:00,run,77.2,45.0,130.2,,
ath_00,strava,2024-06-29 06:00:00+00:00,run,60.9,40.1,131.1,,
ath_02,garmin,2024-07-06 12:30:00,other,10.5,31.5,,,165.0
ath_01,garmin,2024-07-13 06:07:00,run,57.1,50.2,139.4,,
ath_01,strava,2024-07-20 10:30:00+00:00,swim,57.8,19.9,136.2,,
ath_04,strava,2024-01-07 07:45:00+00:00,run,47.2,68.8,149.3,,
ath_02,garmin,2024-02-05 05:15:00,ride,81.6,99.6,134.4,,
ath_02,garmin,2024-05-14 09:30:00,ride,92.6,72.1,123.6,,165.0
ath_02,garmin,2024-06-15 16:00:00,run,56.4,11.6,137.9,,165.0
ath_03,strava,2024-07-03 09:15:00+00:00,ride,53.4,60.0,127.3,,158.0
ath_05,garmin,2024-04-20 04:07:00,ride,139.8,106.3,133.9,,172.0
ath_03,strava,2024-07-22 18:23:00+00:00,ride,80.1,45.0,103.3,290.0,
ath_00,garmin,2024-02-06 00:00:00,ride,93.8,62.9,135.3,225.0,
ath_02,strava,2024-04-30 12:30:00+00:00,run,51.0,59.9,162.5,240.0,
ath_04,strava,2024-05-19 07:23:00+00:00,ride,89.5,5.0,146.2,,
ath_03,strava,2024-05-31 12:30:00+00:00,run,63.3,32.2,129.3,,158.0
ath_04,garmin,2024-07-24 08:07:00,run,25.8,57.8,149.8,225.0,
ath_04,garmin,2024-06-10 07:01:00,run,23.3,14.9,138.0,,
ath_05,strava,2024-05-13 14:00:00+00:00,run,72.8,38.2,130.5,,
ath_05,garmin,2024-05-01 01:15:00,run,33.9,61.5,133.9,,
ath_05,garmin,2024-04-27 04:30:00,run,63.6,20.1,135.1,210.0,172.0
ath_00,strava,2024-07-15 08:58:06+00:00,ride,36.8,26.2,128.7,,
ath_05,strava,2024-03-22 13:07:00+00:00,run,65.5,21.8,154.1,210.0,172.0
ath_02,strava,2024-01-21 13:45:00+00:00,run,98.9,40.6,133.5,,165.0
ath_03,garmin,2024-07-15 12:23:00,run,95.7,37.0,145.5,,
ath_03,strava,2024-04-30 05:15:00+00:00,run,38.8,9.6,143.6,,158.0
ath_03,garmin,2024-05-14 02:22:47,run,67.0,32.2,138.9,,158.0
ath_04,garmin,2024-04-27 06:45:00,other,20.0,29.1,,,
ath_03,strava,2024-04-07 15:23:00+00:00,ride,105.4,53.5,100.9,,
ath_03,garmin,2024-01-24 07:36:12,run,32.2,28.7,108.0,290.0,
ath_02,strava,2024-02-05 20:15:00+00:00,swim,42.8,50.7,142.4,,165.0
ath_03,strava,2024-07-16 18:07:00+00:00,ride,63.4,73.0,135.7,,158.0
ath_05,strava,2024-02-04 07:15:00+00:00,run,107.1,52.4,164.8,,172.0
ath_05,strava,2024-03-14 12:30:00+00:00,run,50.6,52.7,123.4,,
ath_01,garmin,2024-01-02 02:30:00,run,15.0,54.1,153.1,,
ath_05,strava,2024-04-26 19:00:00+00:00,ride,115.7,83.4,123.3,210.0,172.0
ath_02,garmin,2024-04-05 06:07:00,ride,81.8,77.2,127.3,,
ath_03,garmin,2024-02-29 00:00:00,swim,28.8,38.2,118.4,,
ath_05,garmin,2024-03-14 08:30:04,run,50.6,52.7,123.4,,
ath_01,garmin,2024-03-19 10:30:00,ride,71.9,94.5,136.8,,
ath_02,strava,2024-03-01 08:30:00+00:00,run,56.9,11.9,135.9,240.0,
ath_02,strava,2024-02-21 09:45:00+00:00,run,53.8,55.3,130.1,240.0,165.0
ath_02,garmin,2024-01-31 07:07:00,ride,72.7,60.2,154.5,,
ath_00,garmin,2024-03-06 00:15:00,run,80.6,77.7,136.9,,165.0
ath_01,garmin,2024-04-21 10:00:00,run,29.9,36.3,155.2,,
ath_02,strava,2024-02-23 05:15:00+00:00,ride,56.2,78.5,169.4,,165.0
ath_04,garmin,2024-03-19 04:15:00,other,60.2,41.0,,225.0,
ath_00,strava,2024-03-28 19:23:00+00:00,ride,117.7,73.6,133.4,225.0,165.0
ath_02,strava,2024-05-24 07:30:00+00:00,ride,58.2,39.7,121.5,,
ath_01,garmin,2024-01-28 04:44:48,run,52.2,72.1,137.3,210.0,
ath_00,garmin,2024-01-29 06:30:00,run,37.3,15.3,135.8,225.0,
ath_05,strava,2024-06-22 19:22:57+00:00,run,41.9,39.7,137.0,210.0,
ath_03,garmin,2024-01-15 01:15:00,swim,34.4,24.9,126.3,,
ath_05,garmin,2024-06-22 15:23:00,run,41.9,39.7,137.0,210.0,
ath_03,garmin,2024-07-26 05:15:00,run,63.9,40.8,134.1,290.0,
ath_02,strava,2024-03-11 19:23:00+00:00,ride,61.5,71.4,125.8,240.0,
ath_04,strava,2024-03-30 09:23:00+00:00,ride,122.2,95.7,159.6,,
ath_04,garmin,2024-05-11 16:30:00,swim,37.6,28.5,149.8,,172.0
ath_03,strava,2024-06-18 05:30:00+00:00,ride,105.4,58.2,123.1,,
ath_02,strava,2024-06-17 07:23:00+00:00,run,69.8,45.2,134.7,240.0,165.0
ath_00,garmin,2024-06-11 02:23:00,swim,54.4,51.0,154.1,225.0,
ath_00,strava,2024-02-04 11:07:00+00:00,swim,44.2,30.0,124.1,225.0,165.0
ath_04,strava,2024-07-07 15:45:00+00:00,run,50.0,40.8,147.4,,
ath_04,strava,2024-02-04 05:21:36+00:00,other,12.4,12.4,,225.0,
ath_03,garmin,2024-07-17 12:45:00,run,79.3,49.9,145.3,290.0,
ath_04,strava,2024-04-08 14:23:00+00:00,ride,128.2,44.2,142.7,,
ath_02,strava,2024-01-18 16:30:00+00:00,run,38.9,60.4,139.8,,165.0
ath_02,garmin,2024-02-21 01:07:00,ride,92.3,25.3,149.7,,165.0
ath_03,strava,2024-06-20 05:00:00+00:00,ride,92.2,40.5,133.4,,
ath_04,garmin,2024-06-07 04:23:00,run,93.4,48.5,122.0,225.0,
ath_01,strava,2024-06-26 16:07:00+00:00,ride,94.3,80.8,147.3,210.0,
ath_01,strava,2024-07-10 19:30:00+00:00,other,10.3,16.6,,210.0,
ath_05,strava,2024-07-26 20:07:00+00:00,run,38.5,56.1,146.3,,172.0
ath_04,strava,2024-06-22 06:15:00+00:00,ride,86.4,82.1,156.3,225.0,
ath_03,garmin,2024-01-01 07:23:00,ride,143.2,94.4,112.7,,158.0
ath_00,strava,2024-03-07 10:07:00+00:00,run,32.5,73.3,135.6,,165.0
ath_00,garmin,2024-02-13 08:23:00,ride,102.6,45.8,135.5,,
ath_04,garmin,2024-01-11 07:23:00,other,50.2,23.4,,,
ath_02,garmin,2024-03-18 05:00:02,swim,42.0,40.0,131.8,240.0,
ath_02,strava,2024-07-23 19:23:00+00:00,ride,57.5,51.9,127.3,240.0,
ath_00,garmin,2024-04-04 13:30:00,run,39.3,83.8,126.2,225.0,165.0
ath_04,strava,2024-04-19 06:00:00+00:00,run,50.9,78.6,148.0,225.0,
ath_03,strava,2024-05-01 15:45:00+00:00,other,45.8,16.6,,,
ath_05,garmin,2024-05-03 03:07:00,run,70.6,93.4,143.5,210.0,172.0
ath_05,strava,2024-04-27 16:00:00+00:00,swim,77.7,10.7,151.2,210.0,
ath_02,strava,2024-03-17 17:23:00+00:00,swim,37.6,39.6,143.4,,165.0
ath_05,garmin,2024-05-09 10:00:00,swim,30.7,51.5,141.1,,172.0
ath_00,garmin,2024-04-24 04:30:00,ride,99.9,92.2,119.9,225.0,165.0
ath_00,strava,2024-02-02 16:07:00+00:00,run,36.9,59.1,150.1,,
ath_01,garmin,2024-04-30 15:00:00,run,61.4,61.7,142.4,,176.0
ath_05,strava,2024-04-15 17:30:00+00:00,other,56.7,28.4,,,172.0
ath_00,garmin,2024-03-28 02:23:00,run,74.8,41.1,119.0,225.0,
ath_04,strava,2024-02-12 14:15:00+00:00,run,48.6,48.4,161.3,,172.0
ath_04,strava,2024-01-12 08:00:00+00:00,ride,110.4,58.5,150.3,225.0,172.0
ath_03,strava,2024-02-10 18:07:00+00:00,run,71.1,43.9,102.8,290.0,158.0
ath_02,strava,2024-07-21 12:00:00+00:00,run,58.7,59.1,139.6,240.0,165.0
ath_00,strava,2024-04-21 11:00:00+00:00,run,44.3,55.2,147.4,,
ath_05,garmin,2024-01-31 14:07:00,swim,49.7,47.3,142.0,,
ath_02,strava,2024-02-21 05:23:00+00:00,swim,45.0,52.3,112.2,240.0,
ath_02,strava,2024-02-06 06:23:00+00:00,ride,116.2,93.8,141.1,,
ath_02,garmin,2024-06-23 11:45:00,run,73.1,72.6,121.6,,165.0
ath_02,garmin,2024-03-25 11:00:00,swim,59.4,28.6,138.5,240.0,
ath_01,strava,2024-05-14 14:00:00+00:00,ride,98.6,83.2,153.2,,
ath_02,strava,2024-04-03 07:23:00+00:00,ride,101.4,95.9,154.5,,165.0
ath_05,strava,2024-03-09 20:23:09+00:00,run,13.4,33.0,139.3,210.0,172.0
ath_03,strava,2024-05-21 13:45:00+00:00,run,31.2,54.7,135.7,,158.0
ath_02,garmin,2024-02-28 00:14:46,ride,92.5,56.2,123.0,,
ath_05,garmin,2024-06-10 04:15:00,swim,26.2,19.8,125.9,,
ath_04,garmin,2024-06-10 06:23:00,run,35.0,22.4,138.0,,
ath_00,strava,2024-02-21 08:07:00+00:00,swim,34.3,29.5,135.2,,165.0
ath_04,strava,2024-07-17 12:07:00+00:00,run,79.4,60.7,126.7,225.0,
ath_02,strava,2024-04-15 06:45:00+00:00,run,48.2,43.1,142.5,240.0,
ath_01,garmin,2024-05-05 01:45:00,run,21.8,72.6,132.4,,176.0
ath_04,garmin,2024-02-11 09:00:00,ride,62.9,43.9,148.7,225.0,
ath_02,strava,2024-03-15 15:23:00+00:00,ride,69.1,88.7,141.0,,165.0
ath_00,strava,2024-03-15 09:45:00+00:00,swim,50.1,21.6,137.0,225.0,
ath_02,strava,2024-06-29 13:45:00+00:00,run,57.4,95.5,143.8,240.0,165.0
ath_00,strava,2024-07-12 19:30:00+00:00,swim,43.6,29.5,138.3,,165.0
ath_02,garmin,2024-03-23 10:07:00,ride,66.1,99.6,152.8,,
ath_04,strava,2024-06-28 09:23:00+00:00,run,69.8,7.5,129.4,,172.0
ath_02,strava,2024-06-09 15:00:00+00:00,ride,100.9,20.5,139.4,,165.0
ath_04,garmin,2024-01-15 13:00:00,ride,119.9,86.0,163.4,,172.0
ath_01,strava,2024-07-19 12:45:00+00:00,ride,74.6,95.3,126.0,,
ath_01,garmin,2024-02-27 15:45:00,run,25.8,87.4,155.2,210.0,176.0
ath_04,strava,2024-06-27 12:23:00+00:00,run,64.3,42.1,156.9,,
ath_03,garmin,2024-02-17 05:44:50,ride,82.3,70.4,133.4,,
ath_03,garmin,2024-06-11 06:15:00,run,83.1,37.3,118.1,,158.0
ath_04,strava,2024-07-05 16:15:00+00:00,run,57.3,52.4,135.5,225.0,172.0
ath_02,garmin,2024-02-28 02:00:00,run,42.3,55.8,128.5,240.0,
ath_02,garmin,2024-03-07 09:30:00,ride,120.1,55.0,132.8,,
ath_04,strava,2024-01-31 14:15:00+00:00,run,63.0,96.5,149.1,,
ath_03,garmin,2024-03-23 06:07:00,run,59.2,65.3,138.7,290.0,
ath_01,strava,2024-02-17 06:15:00+00:00,run,71.8,52.5,145.5,,
ath_01,garmin,2024-02-04 13:45:00,run,67.0,53.1,153.5,210.0,176.0
ath_05,garmin,2024-01-27 15:23:00,ride,88.8,91.4,131.3,,
ath_03,garmin,2024-05-02 12:45:00,ride,96.3,71.2,131.8,290.0,
ath_01,garmin,2024-04-24 02:07:00,ride,63.3,51.5,127.1,210.0,176.0
ath_02,garmin,2024-01-05 11:15:00,run,62.2,79.1,139.3,,
ath_05,garmin,2024-05-24 04:07:02,ride,146.3,65.5,144.0,,
ath_05,strava,2024-06-26 20:15:00+00:00,ride,129.6,82.3,136.0,210.0,
ath_00,strava,2024-06-01 14:23:00+00:00,other,29.4,24.8,,,
ath_02,garmin,2024-07-11 11:07:13,swim,35.5,20.3,137.6,,165.0
ath_05,strava,2024-06-19 11:23:00+00:00,run,48.8,55.6,128.7,210.0,172.0
ath_02,garmin,2024-06-15 06:07:00,run,50.6,36.5,144.2,,165.0
ath_02,strava,2024-04-13 15:45:00+00:00,ride,78.7,99.0,117.1,,165.0
ath_02,strava,2024-06-13 13:00:00+00:00,run,34.3,23.6,135.6,240.0,
ath_04,garmin,2024-06-15 08:00:00,swim,62.0,30.8,143.2,,172.0
ath_04,garmin,2024-06-01 07:30:00,swim,56.6,68.8,169.0,,172.0
ath_02,garmin,2024-04-26 14:45:00,run,42.9,80.9,152.0,,165.0
ath_05,strava,2024-02-17 09:00:00+00:00,ride,106.0,107.6,139.2,,172.0
ath_03,strava,2024-02-15 05:23:00+00:00,swim,71.1,18.0,118.0,290.0,158.0
ath_02,garmin,2024-03-11 07:30:00,ride,100.4,59.3,123.0,,
ath_00,strava,2024-05-05 11:23:00+00:00,run,66.5,22.8,131.8,,
ath_04,strava,2024-06-05 19:00:00+00:00,swim,73.9,42.0,149.5,,
ath_02,strava,2024-03-29 08:15:00+00:00,ride,101.4,91.7,148.0,,165.0
ath_05,strava,2024-01-09 05:30:00+00:00,ride,91.0,66.5,163.9,,
ath_05,strava,2024-05-03 07:07:00+00:00,ride,102.3,91.7,122.6,210.0,172.0
ath_01,garmin,2024-03-11 16:29:40,ride,102.4,95.5,125.9,,
ath_01,strava,2024-06-05 17:00:00+00:00,ride,92.5,66.5,137.4,,176.0
ath_01,garmin,2024-04-29 01:00:00,swim,58.2,39.2,135.0,,
ath_03,strava,2024-01-08 11:15:00+00:00,run,63.8,31.7,128.9,,
ath_02,strava,2024-02-27 07:15:00+00:00,ride,109.2,77.0,143.1,,
ath_04,garmin,2024-04-21 11:23:00,run,30.5,69.7,140.0,225.0,
ath_01,garmin,2024-02-03 03:07:00,other,33.5,38.3,,,
ath_02,garmin,2024-03-03 08:23:00,ride,77.9,68.6,147.1,,
ath_04,strava,2024-05-25 13:23:00+00:00,ride,92.1,31.6,131.1,,
ath_04,strava,2024-07-21 05:30:00+00:00,run,37.1,38.7,156.0,,172.0
ath_04,strava,2024-06-07 20:07:00+00:00,ride,94.8,30.5,138.5,,
ath_02,garmin,2024-01-06 08:45:00,run,51.4,57.9,137.5,,165.0
ath_01,strava,2024-03-10 09:15:00+00:00,ride,94.2,97.2,135.1,,
ath_05,strava,2024-01-01 15:15:00+00:00,ride,105.1,78.5,146.3,,172.0
ath_03,garmin,2024-06-18 07:23:00,run,42.6,39.2,135.3,290.0,
ath_05,strava,2024-05-01 11:23:00+00:00,other,21.9,31.8,,,
ath_02,strava,2024-05-18 13:30:00+00:00,run,65.1,78.3,145.5,240.0,165.0
ath_05,garmin,2024-03-14 01:30:00,run,39.2,42.3,126.5,210.0,
ath_03,strava,2024-05-14 06:23:00+00:00,run,67.0,32.2,138.9,,158.0
ath_04,strava,2024-03-06 14:00:00+00:00,swim,47.7,64.3,127.1,225.0,172.0
ath_05,garmin,2024-06-14 12:07:00,run,63.0,75.8,113.4,,
ath_01,strava,2024-01-14 14:23:00+00:00,run,55.1,81.5,156.0,210.0,
ath_02,strava,2024-04-19 15:23:00+00:00,run,44.9,38.4,126.3,240.0,
ath_01,garmin,2024-04-11 04:15:00,ride,84.7,76.7,127.4,,
ath_04,garmin,2024-04-14 05:00:00,ride,113.4,76.3,121.9,,
ath_03,garmin,2024-06-20 06:00:00,other,36.6,12.6,,,158.0
ath_00,strava,2024-02-05 13:07:00+00:00,run,42.1,56.5,151.2,,165.0
ath_00,strava,2024-06-02 07:23:00+00:00,ride,74.5,109.0,138.0,,165.0
ath_02,garmin,2024-05-14 12:23:00,swim,75.1,56.6,147.5,,
ath_00,strava,2024-01-04 16:15:00+00:00,run,65.4,85.3,144.1,225.0,
ath_02,strava,2024-04-01 05:23:00+00:00,run,36.1,52.2,150.1,,165.0
ath_00,strava,2024-03-07 08:45:00+00:00,swim,25.8,46.8,141.4,,
ath_00,strava,2024-03-24 07:45:00+00:00,swim,51.3,36.3,115.7,,
ath_03,strava,2024-04-15 15:23:00+00:00,swim,47.7,65.8,116.5,,
ath_00,strava,2024-01-01 07:30:00+00:00,run,41.9,62.9,152.7,225.0,
ath_04,strava,2024-05-19 10:07:00+00:00,run,48.0,5.0,142.1,225.0,
ath_01,garmin,2024-02-13 02:45:00,run,49.9,35.7,129.4,210.0,
ath_03,strava,2024-06-02 16:23:00+00:00,ride,107.7,62.8,162.3,290.0,158.0
ath_03,strava,2024-06-27 20:07:00+00:00,ride,97.3,89.8,132.6,,
ath_01,garmin,2024-02-10 05:15:00,swim,72.9,37.2,144.6,,
ath_04,strava,2024-07-03 17:07:00+00:00,run,42.4,109.7,157.5,,
ath_00,strava,2024-05-18 08:15:00+00:00,run,36.1,47.4,134.7,225.0,165.0
ath_02,garmin,2024-03-09 15:45:00,ride,82.7,75.8,128.5,,
ath_01,strava,2024-04-13 08:23:00+00:00,run,51.6,64.9,137.1,210.0,
ath_05,strava,2024-05-06 17:23:00+00:00,run,75.9,48.6,134.7,,
ath_04,garmin,2024-03-30 02:30:00,other,55.6,50.6,,,172.0
ath_05,garmin,2024-07-04 07:07:00,run,38.6,56.4,160.6,210.0,172.0
ath_04,strava,2024-06-03 07:00:00+00:00,swim,9.2,40.5,140.0,225.0,
ath_00,garmin,2024-02-26 08:00:00,ride,87.6,78.5,130.5,225.0,
ath_00,strava,2024-05-12 15:23:00+00:00,run,53.5,47.3,141.8,225.0,165.0
ath_04,strava,2024-03-03 18:45:00+00:00,run,42.4,60.8,155.9,,172.0
ath_04,strava,2024-05-28 05:30:00+00:00,swim,31.1,56.5,155.4,225.0,172.0
ath_03,strava,2024-07-21 12:07:00+00:00,ride,84.8,86.4,135.6,,
ath_04,strava,2024-02-24 07:23:00+00:00,ride,87.3,104.5,138.0,,
ath_01,garmin,2024-01-08 11:15:00,swim,74.0,47.1,161.7,,176.0
ath_04,garmin,2024-04-09 11:00:00,ride,94.4,81.4,134.0,225.0,
ath_01,strava,2024-07-20 19:07:00+00:00,other,8.0,43.4,,210.0,176.0
ath_04,strava,2024-04-18 09:15:00+00:00,run,15.6,70.8,145.0,225.0,172.0
ath_04,strava,2024-03-12 18:45:00+00:00,ride,95.7,44.6,161.1,,172.0
ath_03,strava,2024-07-13 15:30:00+00:00,run,48.6,61.1,144.7,290.0,158.0
ath_04,garmin,2024-04-14 15:07:00,other,23.8,33.3,,,
ath_05,strava,2024-06-06 06:45:00+00:00,ride,95.5,94.0,113.0,,172.0
ath_02,strava,2024-06-11 07:15:00+00:00,run,10.5,63.7,130.9,,
ath_01,strava,2024-04-10 09:23:00+00:00,other,50.9,25.4,,210.0,
ath_03,strava,2024-05-20 11:30:00+00:00,run,73.0,56.7,137.7,,158.0
ath_00,strava,2024-02-21 07:45:00+00:00,run,41.5,73.2,131.9,225.0,
ath_01,garmin,2024-04-06 13:07:00,ride,87.5,111.6,170.6,210.0,176.0
ath_00,strava,2024-01-22 11:30:00+00:00,run,22.2,19.1,124.4,,
ath_00,strava,2024-02-11 07:45:00+00:00,run,24.8,31.8,147.5,,
ath_02,garmin,2024-02-25 12:23:00,run,31.8,30.4,134.2,,
ath_04,strava,2024-07-06 09:30:00+00:00,ride,129.0,49.7,134.4,225.0,
ath_04,garmin,2024-02-12 01:15:00,run,55.2,22.0,125.9,225.0,
ath_03,strava,2024-02-03 15:15:00+00:00,run,45.3,68.8,135.9,,158.0
ath_01,strava,2024-02-18 18:23:01+00:00,other,36.6,14.8,,,
ath_05,garmin,2024-06-10 07:45:00,ride,96.7,60.3,153.7,,172.0
ath_03,strava,2024-06-07 14:07:00+00:00,run,23.7,60.3,128.9,290.0,
ath_03,garmin,2024-01-29 05:46:24,run,9.0,20.8,146.7,290.0,158.0
ath_04,strava,2024-03-17 05:30:00+00:00,swim,47.4,57.3,143.8,,172.0
ath_02,strava,2024-06-10 12:00:00+00:00,run,57.8,92.5,137.5,,165.0
ath_02,garmin,2024-05-25 08:00:00,run,49.7,71.4,131.3,240.0,165.0
ath_00,garmin,2024-05-09 15:07:00,run,16.3,31.8,143.6,,
ath_04,strava,2024-01-30 14:30:00+00:00,ride,115.3,84.1,137.7,,
ath_02,strava,2024-07-03 12:23:00+00:00,run,56.2,78.7,132.6,240.0,
ath_02,strava,2024-01-13 10:45:00+00:00,run,46.5,75.0,125.1,240.0,165.0
ath_02,strava,2024-01-22 06:45:00+00:00,run,58.6,36.9,149.9,,
ath_00,garmin,2024-01-08 10:15:00,ride,75.3,55.7,113.2,,
ath_00,strava,2024-06-07 16:45:00+00:00,ride,99.3,88.0,143.1,,165.0
ath_02,strava,2024-03-19 07:07:10+00:00,ride,92.8,71.2,122.7,240.0,
ath_01,garmin,2024-03-24 15:15:00,ride,88.8,93.7,159.2,,176.0
ath_02,strava,2024-01-16 20:00:00+00:00,run,43.8,56.1,131.2,,165.0
ath_02,strava,2024-06-27 05:45:00+00:00,run,61.1,40.9,145.9,,
ath_03,strava,2024-06-06 16:45:00+00:00,run,32.8,79.9,128.7,,
ath_03,garmin,2024-02-02 15:15:00,swim,63.7,38.8,119.2,,158.0
ath_02,garmin,2024-02-25 12:57:48,run,21.2,20.3,134.2,,
ath_04,strava,2024-03-16 05:07:00+00:00,run,25.0,49.5,148.2,,172.0
ath_01,strava,2024-04-06 19:00:00+00:00,run,56.4,40.5,138.0,210.0,176.0
ath_03,garmin,2024-01-24 04:07:00,ride,77.8,116.7,116.5,,158.0
ath_04,garmin,2024-03-06 13:07:00,run,66.0,63.1,148.9,,
ath_00,strava,2024-01-25 16:30:00+00:00,ride,115.6,113.5,130.0,,
ath_00,garmin,2024-04-22 14:45:00,ride,126.5,91.2,138.0,,165.0
ath_01,garmin,2024-04-03 12:00:00,swim,73.3,24.9,164.5,,
ath_01,strava,2024-03-11 06:00:00+00:00,run,72.4,35.4,135.5,,
ath_02,garmin,2024-04-22 10:15:00,ride,92.3,28.1,161.3,,165.0
ath_03,garmin,2024-06-01 02:45:00,ride,123.9,96.4,130.1,290.0,158.0
ath_04,garmin,2024-02-15 00:23:00,ride,91.4,35.0,134.8,,
ath_00,strava,2024-04-21 19:23:00+00:00,run,56.0,63.6,139.7,,
ath_02,strava,2024-03-05 08:06:06+00:00,run,22.0,26.5,123.4,,165.0
ath_01,garmin,2024-03-17 04:07:00,ride,91.3,108.6,125.4,,
ath_01,garmin,2024-03-10 04:15:00,run,49.8,45.2,149.4,,
ath_04,strava,2024-01-14 09:15:00+00:00,ride,95.8,34.7,120.0,,172.0
ath_03,strava,2024-06-27 05:07:00+00:00,other,42.2,42.2,,290.0,158.0
ath_04,strava,2024-03-26 12:07:00+00:00,run,34.3,33.3,139.3,,
ath_04,garmin,2024-03-30 05:23:06,ride,122.2,95.7,159.6,,
ath_04,strava,2024-05-03 16:23:00+00:00,run,76.3,32.1,139.3,,172.0
ath_02,garmin,2024-07-06 09:45:00,run,58.7,39.4,146.2,240.0,
ath_04,strava,2024-05-18 17:30:00+00:00,run,53.5,51.7,116.1,,
ath_04,garmin,2024-07-05 12:00:00,ride,116.2,81.8,135.8,,172.0
ath_03,garmin,2024-02-25 15:23:00,swim,40.0,30.9,131.0,290.0,158.0
ath_00,garmin,2024-01-29 07:00:00,run,56.0,67.3,117.0,,
ath_05,strava,2024-03-09 19:59:57+00:00,run,20.2,49.6,139.3,210.0,172.0
ath_04,strava,2024-01-22 07:07:00+00:00,ride,101.3,104.8,148.1,,
ath_05,garmin,2024-04-25 01:23:00,ride,114.7,44.6,144.7,,
ath_04,garmin,2024-07-07 04:07:00,run,70.3,68.3,139.7,225.0,172.0
ath_00,strava,2024-05-01 15:50:12+00:00,run,16.1,28.2,135.5,,165.0
ath_02,garmin,2024-06-08 16:45:00,other,17.7,13.3,,240.0,165.0
ath_02,garmin,2024-04-25 14:00:00,run,25.8,87.7,125.6,240.0,
ath_01,strava,2024-03-16 09:45:00+00:00,ride,104.0,66.0,159.1,,
ath_03,strava,2024-03-30 19:45:00+00:00,run,75.9,90.6,134.6,290.0,158.0
ath_01,strava,2024-01-18 10:23:00+00:00,other,8.0,11.5,,,
ath_00,garmin,2024-01-23 03:15:15,ride,110.5,102.2,144.6,,
ath_01,garmin,2024-07-17 01:00:00,swim,47.4,28.7,167.0,210.0,176.0
ath_02,garmin,2024-02-02 04:45:00,run,23.3,42.7,149.7,,165.0
ath_02,strava,2024-03-12 18:00:00+00:00,swim,75.8,47.7,143.9,240.0,
ath_01,garmin,2024-02-14 08:00:00,run,49.7,9.4,136.0,,176.0
ath_02,garmin,2024-04-11 10:23:00,run,47.5,79.3,120.4,,
ath_03,garmin,2024-03-31 12:07:00,swim,104.2,22.8,115.6,,
ath_04,garmin,2024-07-21 03:15:00,ride,101.1,52.7,155.9,225.0,172.0
ath_03,strava,2024-03-14 07:15:00+00:00,swim,43.1,38.4,137.2,,158.0
ath_02,garmin,2024-06-21 01:45:00,ride,93.7,42.5,136.7,,165.0
ath_04,strava,2024-06-29 19:25:36+00:00,ride,39.8,24.6,166.5,225.0,172.0
ath_01,strava,2024-05-11 16:23:00+00:00,swim,38.2,55.1,145.6,210.0,
ath_02,garmin,2024-05-13 15:00:00,run,51.2,66.5,126.4,,165.0
ath_04,strava,2024-05-28 19:45:00+00:00,other,68.8,38.6,,,
ath_02,garmin,2024-06-04 14:30:00,ride,102.6,72.7,137.6,240.0,165.0
ath_05,strava,2024-03-22 20:30:00+00:00,ride,121.7,103.1,147.4,,172.0
ath_04,strava,2024-07-02 12:45:00+00:00,swim,46.8,40.6,144.8,225.0,172.0
ath_02,garmin,2024-01-28 00:23:00,run,55.6,43.3,125.9,,165.0
ath_04,garmin,2024-05-04 09:45:00,run,37.0,77.9,152.8,225.0,172.0
ath_02,strava,2024-02-27 08:00:00+00:00,swim,53.3,10.1,152.9,,
ath_03,strava,2024-03-11 11:07:00+00:00,run,42.6,58.7,123.2,290.0,158.0
ath_05,strava,2024-06-27 16:07:00+00:00,run,50.7,51.5,162.2,,172.0
ath_03,strava,2024-02-16 13:07:00+00:00,ride,110.9,45.6,128.4,290.0,158.0
ath_03,garmin,2024-06-18 16:30:00,ride,61.1,39.6,116.5,290.0,
ath_04,garmin,2024-04-22 06:23:08,ride,80.5,69.2,146.9,225.0,172.0
ath_00,garmin,2024-05-20 12:07:00,run,49.1,59.9,138.7,,
ath_04,strava,2024-07-10 12:15:00+00:00,run,49.3,51.8,152.2,,
ath_00,garmin,2024-04-20 15:00:00,ride,125.5,86.3,138.2,225.0,165.0
ath_01,strava,2024-01-03 11:22:49+00:00,run,54.7,96.9,131.8,,
ath_01,strava,2024-07-27 19:30:00+00:00,run,57.8,48.5,132.3,,176.0
ath_01,strava,2024-07-15 06:15:00+00:00,run,61.4,82.5,134.1,,176.0
ath_01,strava,2024-03-24 08:15:00+00:00,other,51.7,46.2,,,
ath_01,strava,2024-01-07 05:00:00+00:00,ride,74.8,69.6,128.9,210.0,
ath_05,strava,2024-01-23 06:45:00+00:00,ride,112.0,94.0,129.8,,
ath_03,garmin,2024-05-23 01:45:00,run,42.4,62.6,145.1,290.0,158.0
ath_03,strava,2024-03-03 05:30:00+00:00,run,31.1,57.9,112.9,,
ath_04,strava,2024-02-20 05:23:00+00:00,swim,53.0,58.6,114.5,,
ath_04,strava,2024-01-12 12:15:00+00:00,swim,73.4,46.7,164.6,,
ath_04,strava,2024-06-26 14:00:00+00:00,ride,128.1,99.6,111.5,225.0,172.0
ath_02,garmin,2024-05-21 05:30:00,run,43.5,54.3,141.1,240.0,
ath_02,garmin,2024-02-17 10:56:36,ride,31.0,29.2,154.2,,165.0
ath_04,garmin,2024-02-02 02:07:00,ride,108.6,77.1,145.1,225.0,
ath_04,garmin,2024-03-21 04:30:00,run,68.2,47.3,145.5,225.0,
ath_04,garmin,2024-01-26 09:22:43,ride,80.4,90.5,135.9,225.0,
ath_00,strava,2024-06-21 06:45:00+00:00,swim,10.4,55.0,132.5,,
ath_04,strava,2024-07-18 06:23:00+00:00,run,38.5,33.7,168.5,225.0,
ath_00,strava,2024-04-13 14:23:00+00:00,run,60.4,50.5,124.5,,
ath_05,garmin,2024-03-02 14:07:00,ride,102.3,61.9,133.7,,172.0
ath_01,garmin,2024-04-08 15:45:00,swim,46.3,42.5,137.6,210.0,
ath_03,garmin,2024-06-29 15:07:00,swim,24.3,56.1,137.9,,
ath_02,garmin,2024-04-17 12:15:00,ride,83.2,56.2,117.4,,165.0
ath_04,strava,2024-03-23 06:07:00+00:00,ride,97.6,106.5,137.4,225.0,172.0
ath_04,garmin,2024-07-12 09:07:00,swim,69.4,56.0,153.3,225.0,
ath_04,garmin,2024-06-21 11:15:00,swim,30.0,49.0,118.8,,
ath_03,strava,2024-01-10 14:00:00+00:00,ride,89.0,95.1,125.6,,158.0
ath_01,strava,2024-04-10 12:23:00+00:00,run,41.2,67.9,143.7,,
ath_01,strava,2024-03-28 11:15:00+00:00,ride,112.7,76.5,129.9,210.0,176.0
ath_04,strava,2024-06-08 12:15:00+00:00,run,42.6,71.2,144.6,225.0,172.0
ath_04,garmin,2024-06-09 03:00:00,run,23.7,80.3,124.5,,172.0
ath_04,garmin,2024-05-05 02:15:00,ride,112.6,101.2,152.2,225.0,
ath_00,strava,2024-03-26 06:29:42+00:00,ride,42.5,16.0,146.1,,165.0
ath_04,strava,2024-06-25 20:30:00+00:00,run,20.2,33.5,142.7,225.0,
ath_01,garmin,2024-01-06 08:45:00,run,34.2,33.1,133.8,210.0,
ath_01,strava,2024-07-27 09:30:00+00:00,other,44.8,20.9,,,176.0
ath_01,strava,2024-05-08 08:30:00+00:00,run,39.0,55.5,147.7,210.0,176.0
ath_03,strava,2024-01-28 12:00:00+00:00,run,8.0,66.3,143.6,290.0,
ath_02,strava,2024-04-07 14:45:00+00:00,other,8.0,5.1,,,
ath_01,strava,2024-03-06 16:23:00+00:00,run,70.7,39.7,144.1,,
ath_05,strava,2024-04-11 16:45:00+00:00,run,17.4,81.4,151.1,210.0,
ath_03,strava,2024-01-23 06:45:00+00:00,run,42.0,64.6,137.9,290.0,
ath_04,strava,2024-06-14 19:30:00+00:00,other,46.5,30.2,,225.0,
ath_02,strava,2024-06-22 16:00:00+00:00,run,45.0,77.0,133.9,240.0,
ath_01,garmin,2024-02-11 07:45:00,run,65.6,69.4,143.2,210.0,
ath_02,strava,2024-01-24 13:23:00+00:00,run,47.0,49.0,141.0,,
ath_03,strava,2024-06-03 09:15:00+00:00,swim,33.5,50.1,120.0,290.0,
ath_02,garmin,2024-06-29 16:45:00,other,25.9,24.9,,240.0,
ath_04,strava,2024-04-21 15:23:17+00:00,run,30.5,69.7,140.0,225.0,
ath_04,garmin,2024-06-17 04:30:00,ride,88.6,66.4,138.1,225.0,
ath_02,strava,2024-05-15 15:23:00+00:00,swim,79.7,35.9,126.3,,
ath_04,strava,2024-01-04 05:07:00+00:00,run,16.1,86.5,145.6,,172.0
ath_00,strava,2024-05-10 15:07:00+00:00,other,63.5,53.2,,225.0,165.0
ath_02,strava,2024-01-15 15:30:00+00:00,ride,77.7,64.1,123.4,,
ath_00,strava,2024-03-31 06:29:50+00:00,ride,102.8,108.7,126.7,,165.0
ath_05,garmin,2024-05-12 10:45:05,run,71.5,49.1,133.3,210.0,172.0
ath_02,garmin,2024-06-30 02:07:00,run,63.8,77.2,123.5,,
ath_01,strava,2024-01-26 06:15:00+00:00,ride,59.1,67.8,129.8,,
ath_03,strava,2024-03-29 10:15:00+00:00,swim,26.7,56.1,165.1,,
ath_00,garmin,2024-03-06 06:45:00,ride,79.5,125.6,163.2,,165.0
ath_01,strava,2024-03-12 09:45:00+00:00,run,49.5,84.2,144.9,,176.0
ath_00,strava,2024-06-14 06:00:00+00:00,ride,120.5,96.1,137.8,,165.0
ath_01,strava,2024-07-10 11:00:00+00:00,ride,107.6,86.4,149.3,,
ath_01,garmin,2024-01-18 05:23:00,ride,74.5,63.3,140.5,210.0,
ath_02,strava,2024-03-27 16:23:00+00:00,ride,91.6,63.0,145.3,,
ath_05,strava,2024-01-17 20:45:00+00:00,ride,71.2,53.8,178.1,210.0,172.0
ath_02,strava,2024-06-06 12:00:00+00:00,swim,20.2,46.8,118.4,240.0,165.0
ath_00,garmin,2024-03-11 13:23:00,ride,82.8,49.4,123.2,,165.0
ath_01,garmin,2024-06-07 05:07:00,other,15.7,30.9,,,176.0
ath_02,garmin,2024-01-03 03:45:00,ride,84.3,81.8,133.8,,
ath_02,garmin,2024-05-12 02:00:00,ride,74.7,81.1,127.6,,165.0
ath_04,garmin,2024-02-16 04:23:00,swim,71.4,44.2,133.5,,172.0
ath_00,strava,2024-03-03 13:23:00+00:00,run,72.5,42.8,133.7,,
ath_02,garmin,2024-04-30 14:23:00,run,14.8,50.5,114.4,,165.0
ath_02,strava,2024-01-06 17:00:00+00:00,other,19.8,37.1,,,165.0
ath_03,garmin,2024-04-15 16:30:00,run,47.6,62.2,125.3,,158.0
ath_04,strava,2024-05-04 09:45:00+00:00,ride,70.8,40.5,149.9,,
ath_04,strava,2024-05-04 08:45:00+00:00,run,42.9,83.5,147.5,,172.0
ath_05,strava,2024-04-09 09:15:00+00:00,swim,23.9,19.1,143.9,,172.0
ath_05,strava,2024-06-25 07:15:00+00:00,ride,89.5,90.4,122.6,,
ath_04,garmin,2024-04-24 11:25:24,run,24.9,35.2,158.1,225.0,172.0
ath_05,strava,2024-04-24 11:30:00+00:00,ride,130.9,73.4,125.9,210.0,
ath_02,garmin,2024-05-17 03:15:00,run,8.0,35.1,130.4,,165.0
ath_03,garmin,2024-01-20 13:45:00,run,65.2,13.3,138.6,,158.0
ath_02,garmin,2024-01-15 10:29:55,ride,77.7,64.1,123.4,,
ath_02,garmin,2024-03-30 07:45:00,ride,103.0,88.7,139.1,,
ath_02,strava,2024-02-06 06:00:00+00:00,run,61.5,32.0,135.1,,165.0
ath_02,garmin,2024-02-26 03:06:58,other,74.6,31.4,,,165.0
ath_00,strava,2024-05-20 16:06:56+00:00,run,49.1,59.9,138.7,,
ath_00,garmin,2024-02-29 00:15:00,other,8.0,41.5,,225.0,
ath_02,strava,2024-04-13 06:23:00+00:00,swim,50.8,50.2,146.3,,
ath_03,garmin,2024-01-24 06:45:00,run,48.2,43.0,108.0,290.0,
ath_04,strava,2024-04-16 10:15:00+00:00,ride,113.9,118.7,168.1,,
ath_05,garmin,2024-05-26 14:07:00,ride,72.4,106.0,135.1,,
ath_03,strava,2024-05-25 15:07:00+00:00,run,66.4,22.8,141.1,290.0,158.0
ath_03,strava,2024-03-19 06:30:00+00:00,ride,96.5,34.9,129.9,,
ath_02,strava,2024-05-03 18:45:00+00:00,swim,42.0,49.4,124.0,240.0,
ath_00,strava,2024-04-21 05:00:00+00:00,ride,109.5,74.5,126.0,,
ath_01,strava,2024-07-13 07:30:00+00:00,swim,42.3,16.3,163.1,210.0,
ath_04,strava,2024-06-29 12:30:00+00:00,swim,43.2,46.5,135.0,,
ath_00,strava,2024-01-23 08:15:00+00:00,ride,110.5,102.2,144.6,,
ath_02,strava,2024-02-02 09:44:43+00:00,run,23.3,42.7,149.7,,165.0
ath_03,strava,2024-05-07 06:30:00+00:00,swim,49.5,50.3,132.6,290.0,
ath_04,strava,2024-02-07 14:45:00+00:00,ride,101.7,45.1,151.6,225.0,
ath_03,garmin,2024-05-27 12:00:00,swim,36.3,52.3,129.3,,
ath_04,garmin,2024-06-07 01:00:00,run,53.2,66.8,153.0,225.0,
ath_03,strava,2024-06-01 18:07:00+00:00,ride,115.4,119.1,128.3,,158.0
ath_02,strava,2024-02-18 19:30:00+00:00,run,9.6,48.3,136.4,,
ath_05,strava,2024-03-14 05:30:11+00:00,run,39.2,42.3,126.5,210.0,
ath_03,strava,2024-04-17 17:30:00+00:00,ride,101.0,72.5,132.2,290.0,158.0
ath_05,garmin,2024-07-18 05:30:00,ride,86.8,110.6,153.1,,172.0
ath_04,garmin,2024-02-13 08:07:00,ride,67.9,97.6,124.1,,
ath_01,strava,2024-03-29 13:30:00+00:00,run,46.4,42.1,144.0,210.0,
ath_00,strava,2024-05-10 06:15:00+00:00,ride,56.5,52.9,110.0,,
ath_01,strava,2024-02-11 10:45:00+00:00,run,85.9,57.4,149.1,210.0,
ath_02,garmin,2024-05-18 09:30:16,run,65.1,78.3,145.5,240.0,165.0
ath_02,garmin,2024-03-30 05:23:00,ride,98.0,59.7,144.6,240.0,165.0
ath_04,strava,2024-06-24 09:30:00+00:00,other,8.0,21.1,,,
ath_02,strava,2024-05-09 19:07:00+00:00,run,98.3,62.2,146.6,240.0,
ath_03,strava,2024-01-15 07:15:00+00:00,swim,71.7,31.7,123.0,,
ath_04,strava,2024-03-19 14:07:00+00:00,ride,91.3,84.2,120.2,,172.0
ath_01,garmin,2024-05-08 14:07:00,ride,75.7,89.3,145.2,,
ath_01,garmin,2024-02-21 10:23:00,ride,96.2,67.1,140.8,210.0,176.0
ath_04,garmin,2024-02-08 06:07:00,run,60.0,55.6,152.9,,
ath_02,strava,2024-01-31 09:07:00+00:00,run,50.5,77.0,123.8,,
ath_03,garmin,2024-07-19 15:23:00,ride,77.4,58.3,131.7,290.0,
ath_04,strava,2024-05-28 15:15:00+00:00,run,45.7,33.5,126.7,,
ath_04,garmin,2024-02-11 03:30:00,run,58.4,35.5,168.8,,
ath_02,garmin,2024-03-03 11:00:00,ride,66.2,85.9,129.5,,165.0
ath_02,garmin,2024-05-31 07:45:00,ride,98.3,77.6,153.4,240.0,
ath_02,garmin,2024-01-11 13:30:00,swim,38.5,65.1,111.0,,
ath_05,strava,2024-07-05 11:30:00+00:00,run,92.1,36.9,165.9,,172.0
ath_04,strava,2024-05-02 13:00:00+00:00,other,40.5,14.5,,,
ath_00,strava,2024-02-17 16:23:00+00:00,ride,103.6,45.9,146.8,225.0,
ath_00,garmin,2024-06-29 02:15:00,swim,37.1,39.5,152.4,,
ath_04,strava,2024-03-31 20:07:00+00:00,run,79.6,42.6,138.2,,
ath_05,garmin,2024-07-18 03:23:00,ride,105.9,42.4,140.3,,
ath_04,strava,2024-07-16 09:23:00+00:00,ride,83.7,74.2,151.2,,
ath_05,strava,2024-03-25 10:23:00+00:00,swim,35.5,60.8,156.9,,172.0
ath_01,strava,2024-02-29 12:07:00+00:00,ride,75.6,64.4,159.8,210.0,
ath_02,strava,2024-03-19 19:23:00+00:00,swim,40.7,13.0,143.7,,
ath_01,strava,2024-04-29 15:30:00+00:00,run,44.9,38.7,156.5,210.0,176.0
ath_04,strava,2024-03-12 10:23:00+00:00,ride,97.3,107.5,154.4,225.0,172.0
ath_00,strava,2024-06-13 14:30:00+00:00,run,38.8,66.8,127.8,,
ath_04,strava,2024-01-02 12:07:00+00:00,run,22.1,54.9,146.1,225.0,172.0
ath_04,strava,2024-02-29 18:45:00+00:00,run,61.0,25.3,169.1,,
ath_04,strava,2024-06-14 16:45:00+00:00,run,83.7,50.8,145.1,,172.0
ath_04,garmin,2024-03-15 14:15:00,ride,58.5,90.5,142.7,225.0,
ath_02,strava,2024-02-27 17:15:00+00:00,ride,77.7,94.9,121.6,,
ath_00,strava,2024-05-24 11:00:00+00:00,run,57.6,69.0,125.5,,
ath_05,garmin,2024-05-10 05:30:00,ride,112.2,70.2,132.9,210.0,172.0
ath_00,strava,2024-02-12 15:45:00+00:00,ride,65.4,59.3,147.4,225.0,
ath_05,garmin,2024-05-12 02:30:00,ride,64.9,73.0,161.4,,172.0
ath_02,strava,2024-04-21 17:23:00+00:00,other,28.1,14.4,,240.0,
ath_02,strava,2024-03-05 07:30:00+00:00,run,33.1,39.7,123.4,,165.0
ath_02,strava,2024-01-31 19:15:00+00:00,ride,82.2,90.9,151.1,240.0,
ath_04,strava,2024-03-27 05:23:00+00:00,swim,49.0,39.5,144.5,,
ath_03,strava,2024-03-25 15:15:00+00:00,ride,64.9,57.7,121.4,,
ath_00,strava,2024-05-09 06:23:00+00:00,run,64.2,47.9,134.9,225.0,
ath_02,garmin,2024-07-25 13:15:00,ride,61.6,81.0,156.6,240.0,
ath_03,strava,2024-04-16 16:07:00+00:00,ride,100.0,53.5,159.7,,158.0
ath_02,strava,2024-06-26 10:07:00+00:00,ride,60.6,65.6,141.4,240.0,165.0
ath_00,strava,2024-05-26 15:23:00+00:00,ride,95.0,84.0,144.8,,
ath_01,garmin,2024-04-29 13:07:00,ride,114.9,77.7,152.8,,176.0
ath_02,strava,2024-06-02 06:07:00+00:00,ride,105.5,69.6,144.2,,
ath_04,garmin,2024-01-04 03:00:00,other,44.2,37.9,,,172.0
ath_00,strava,2024-01-25 20:15:00+00:00,run,39.8,69.1,141.9,,165.0
ath_04,garmin,2024-04-29 04:00:00,run,41.9,73.6,136.2,225.0,172.0
ath_04,strava,2024-06-18 07:23:00+00:00,ride,82.8,85.8,131.0,,
ath_01,strava,2024-03-11 20:30:00+00:00,ride,102.4,95.5,125.9,,
ath_04,strava,2024-03-13 20:30:00+00:00,run,96.8,23.7,139.0,,172.0
ath_00,garmin,2024-02-06 14:45:00,run,77.3,79.9,105.5,,
ath_02,strava,2024-05-25 11:45:00+00:00,ride,100.1,130.3,156.3,,165.0
ath_04,strava,2024-07-11 17:30:00+00:00,ride,91.3,89.5,155.4,,
ath_04,garmin,2024-01-27 13:00:00,swim,68.2,53.5,137.9,225.0,
ath_04,garmin,2024-01-10 00:23:00,ride,84.0,106.5,137.8,225.0,
ath_04,strava,2024-05-05 14:30:00+00:00,swim,52.1,53.1,165.1,225.0,172.0
ath_04,garmin,2024-05-15 09:30:00,run,48.7,69.2,137.9,,
ath_01,garmin,2024-03-07 01:23:00,run,50.7,67.5,144.6,,
ath_05,strava,2024-07-11 13:15:00+00:00,swim,23.0,24.3,146.3,,172.0
ath_03,strava,2024-01-18 11:45:00+00:00,ride,103.4,74.6,102.9,,
ath_02,garmin,2024-01-02 05:00:00,ride,109.3,37.2,131.7,240.0,165.0
ath_04,garmin,2024-07-09 13:15:00,run,30.7,73.1,148.1,225.0,
ath_01,garmin,2024-03-10 13:30:17,run,39.3,28.9,147.9,,
ath_05,strava,2024-06-28 19:45:00+00:00,run,73.3,104.0,136.3,210.0,
ath_05,garmin,2024-02-29 11:15:00,run,21.6,75.0,149.2,,172.0
ath_02,garmin,2024-03-06 10:15:00,run,74.3,59.2,130.8,,165.0
ath_00,strava,2024-04-26 07:07:00+00:00,ride,108.1,88.7,154.8,,165.0
ath_05,garmin,2024-04-12 07:45:11,ride,114.7,26.2,140.5,210.0,
ath_04,strava,2024-02-08 05:00:00+00:00,swim,44.1,23.4,148.5,225.0,
ath_00,strava,2024-04-23 18:15:00+00:00,run,68.0,58.7,119.3,,
ath_04,garmin,2024-01-31 08:23:00,ride,94.8,47.5,145.5,225.0,172.0
ath_01,strava,2024-01-28 09:45:00+00:00,run,52.2,72.1,137.3,210.0,
ath_00,garmin,2024-06-23 15:07:00,run,30.6,76.5,132.2,,165.0
ath_01,strava,2024-06-07 18:45:00+00:00,run,62.4,49.3,158.2,210.0,176.0
ath_05,garmin,2024-04-30 13:07:00,run,54.8,52.5,141.7,,
ath_02,garmin,2024-02-17 10:07:00,ride,46.6,43.8,154.2,,165.0
ath_02,strava,2024-04-10 07:15:00+00:00,run,49.9,70.1,127.4,240.0,165.0
ath_03,strava,2024-07-05 06:30:00+00:00,swim,73.6,36.1,127.0,,
ath_00,garmin,2024-01-16 14:23:00,ride,123.7,111.1,120.5,225.0,
ath_05,strava,2024-02-23 11:00:00+00:00,other,16.2,30.8,,210.0,172.0
ath_04,strava,2024-05-20 07:45:00+00:00,run,59.6,65.7,118.5,,
ath_04,garmin,2024-07-01 11:15:00,run,59.9,23.5,102.0,225.0,172.0
ath_00,garmin,2024-02-20 14:07:00,run,73.9,41.9,141.8,,165.0
ath_02,strava,2024-03-18 11:45:00+00:00,swim,30.3,38.1,123.8,,165.0
ath_02,garmin,2024-05-24 10:23:00,run,81.7,56.5,157.6,,165.0
ath_02,strava,2024-06-28 16:07:00+00:00,run,57.4,45.5,141.5,,165.0
ath_02,strava,2024-03-28 11:07:00+00:00,swim,41.7,22.9,135.6,240.0,
ath_04,strava,2024-05-13 19:30:00+00:00,run,43.9,40.0,130.3,,
ath_01,strava,2024-05-11 06:00:00+00:00,run,43.1,43.2,140.2,,
ath_04,strava,2024-02-22 06:23:00+00:00,ride,94.1,94.6,149.1,,
ath_04,strava,2024-05-30 17:45:00+00:00,run,65.9,38.1,150.0,,
ath_00,garmin,2024-06-06 07:15:00,run,97.9,36.6,131.3,,
ath_03,strava,2024-05-11 06:07:00+00:00,ride,97.5,119.0,130.7,290.0,
ath_04,garmin,2024-02-23 15:30:00,other,54.0,45.2,,,
ath_01,garmin,2024-05-07 03:45:00,ride,101.7,94.3,130.4,,176.0
ath_05,strava,2024-04-12 11:45:00+00:00,ride,114.7,26.2,140.5,210.0,
ath_04,garmin,2024-01-19 08:30:00,other,77.7,10.0,,225.0,
ath_04,strava,2024-06-30 20:45:00+00:00,swim,90.0,27.6,144.7,,
ath_00,strava,2024-04-21 05:07:00+00:00,run,42.4,15.4,119.6,,
ath_04,garmin,2024-03-21 16:07:00,run,56.2,5.0,140.5,,
ath_01,strava,2024-03-11 05:45:00+00:00,run,16.5,30.2,157.9,210.0,
ath_02,strava,2024-06-08 15:15:00+00:00,run,30.7,70.4,144.5,240.0,
ath_01,garmin,2024-02-07 10:23:00,ride,42.2,96.4,150.1,,
ath_01,strava,2024-06-08 08:15:00+00:00,ride,75.4,44.1,143.7,,
ath_03,strava,2024-01-14 07:00:00+00:00,ride,81.2,55.3,149.3,,
ath_04,garmin,2024-04-24 10:45:00,run,37.4,52.9,158.1,225.0,172.0
ath_02,garmin,2024-04-18 02:15:00,ride,137.2,77.7,134.3,,
ath_04,garmin,2024-05-11 17:10:36,swim,25.1,19.0,149.8,,172.0
ath_00,strava,2024-02-06 04:59:58+00:00,ride,93.8,62.9,135.3,225.0,
ath_02,garmin,2024-03-17 01:00:00,ride,77.4,46.6,138.4,,
ath_04,strava,2024-01-04 12:15:00+00:00,run,65.4,41.2,141.7,,
ath_05,strava,2024-01-09 11:00:00+00:00,run,69.7,31.8,139.8,,172.0
ath_01,garmin,2024-01-01 05:07:00,run,71.2,72.4,161.7,210.0,176.0
ath_05,strava,2024-02-17 17:30:00+00:00,run,16.4,43.1,128.1,,
ath_04,garmin,2024-05-21 13:23:00,ride,80.6,116.9,143.3,,
ath_05,strava,2024-03-10 20:23:00+00:00,run,70.6,23.2,155.6,,
ath_05,strava,2024-05-27 10:00:00+00:00,run,8.6,39.5,142.1,,
ath_04,garmin,2024-01-07 13:23:00,run,30.6,67.8,143.6,,
ath_04,garmin,2024-05-30 15:15:00,other,70.2,18.6,,,172.0
ath_01,garmin,2024-01-18 06:40:30,ride,49.6,42.2,140.5,210.0,
ath_03,strava,2024-06-28 15:07:00+00:00,run,27.1,64.8,120.5,,158.0
ath_02,strava,2024-04-15 14:23:00+00:00,ride,87.5,49.2,149.5,,
ath_00,garmin,2024-03-31 02:30:00,ride,102.8,108.7,126.7,,165.0
ath_01,garmin,2024-05-23 10:07:00,ride,101.3,48.5,138.1,210.0,
ath_00,strava,2024-02-26 12:00:00+00:00,run,35.0,49.3,161.1,,
ath_04,garmin,2024-04-17 09:15:00,ride,99.7,72.1,137.2,,
ath_04,strava,2024-01-10 08:30:00+00:00,run,75.4,17.8,148.7,,
ath_02,strava,2024-02-21 05:15:00+00:00,ride,95.9,99.5,129.5,,
ath_00,garmin,2024-01-15 09:45:00,ride,104.4,63.1,123.5,,165.0
ath_03,strava,2024-04-02 13:30:00+00:00,run,44.4,56.1,144.7,,
ath_04,garmin,2024-04-01 14:07:00,ride,83.4,95.0,130.7,225.0,172.0
ath_02,strava,2024-02-26 08:07:00+00:00,other,74.6,31.4,,,165.0
ath_02,garmin,2024-02-23 06:30:00,ride,93.6,110.8,133.3,,
ath_04,garmin,2024-05-06 16:00:00,swim,37.4,41.2,134.0,,
ath_02,strava,2024-02-08 19:07:00+00:00,swim,46.6,36.6,149.2,240.0,165.0
ath_02,strava,2024-05-10 13:23:00+00:00,run,65.8,50.7,140.3,,
ath_04,strava,2024-05-21 19:00:00+00:00,ride,116.7,58.0,153.6,225.0,
ath_05,garmin,2024-05-08 05:30:00,ride,81.4,75.3,134.6,,
ath_03,strava,2024-03-25 07:30:00+00:00,ride,106.6,87.7,147.9,,158.0
ath_04,strava,2024-01-13 08:14:36+00:00,ride,47.7,26.8,138.2,,
ath_03,strava,2024-03-16 08:07:00+00:00,ride,101.9,69.6,141.0,,
ath_00,garmin,2024-05-07 16:07:00,run,58.7,69.9,131.0,225.0,165.0
ath_04,garmin,2024-05-07 08:15:14,run,41.4,54.0,145.1,225.0,
ath_00,strava,2024-04-06 14:45:00+00:00,swim,45.1,51.0,127.5,,
ath_02,garmin,2024-06-20 03:23:00,run,70.9,59.6,140.3,,
ath_04,strava,2024-05-26 05:30:00+00:00,swim,42.3,44.5,140.3,,
ath_03,strava,2024-02-21 14:07:00+00:00,ride,85.6,79.9,124.3,,
ath_04,strava,2024-01-16 16:00:00+00:00,run,77.5,62.9,132.4,225.0,
ath_01,garmin,2024-04-07 16:30:00,ride,92.7,120.5,118.4,,
ath_01,garmin,2024-02-29 02:07:00,ride,92.2,70.2,130.3,210.0,
ath_01,garmin,2024-06-28 06:15:00,run,65.3,39.3,136.4,,176.0
ath_04,strava,2024-05-25 12:00:00+00:00,run,65.3,75.8,150.3,,
ath_03,garmin,2024-03-25 16:00:00,run,72.1,56.7,113.9,,
ath_01,strava,2024-02-10 10:14:52+00:00,swim,72.9,37.2,144.6,,
ath_05,strava,2024-02-20 15:30:00+00:00,swim,30.1,15.8,145.3,,
ath_02,strava,2024-03-28 13:15:00+00:00,ride,119.5,64.1,134.0,240.0,
ath_05,strava,2024-06-19 13:23:00+00:00,ride,116.9,117.6,128.7,210.0,
ath_05,strava,2024-03-10 07:30:00+00:00,run,62.5,33.2,117.9,,172.0
ath_00,strava,2024-05-20 18:00:00+00:00,ride,89.6,62.0,118.2,225.0,
ath_01,strava,2024-06-25 07:07:00+00:00,run,50.4,56.6,153.2,210.0,
ath_00,garmin,2024-06-26 13:45:00,ride,89.9,154.8,125.3,,165.0
ath_05,garmin,2024-07-20 14:00:00,run,62.5,65.3,111.0,,172.0
ath_02,strava,2024-01-12 18:31:12+00:00,run,14.2,17.1,123.0,240.0,
ath_02,strava,2024-05-27 07:00:00+00:00,run,72.2,45.8,120.1,,
ath_04,garmin,2024-06-28 15:30:00,ride,86.7,111.6,137.1,,172.0
ath_04,strava,2024-07-25 20:45:00+00:00,run,45.9,51.2,123.6,225.0,
ath_05,garmin,2024-03-31 07:23:00,run,23.4,95.5,132.0,210.0,172.0
ath_02,strava,2024-05-23 07:30:00+00:00,ride,88.4,102.9,139.8,,
ath_00,strava,2024-01-22 19:45:00+00:00,ride,80.8,91.6,148.8,225.0,165.0
ath_04,strava,2024-04-20 13:07:00+00:00,other,8.1,27.5,,225.0,172.0
ath_01,strava,2024-03-01 20:23:00+00:00,ride,77.7,86.2,150.9,210.0,176.0
ath_02,strava,2024-04-19 19:30:00+00:00,swim,74.0,24.2,119.5,240.0,
ath_05,strava,2024-07-01 06:45:00+00:00,run,53.1,70.2,167.5,,
ath_05,garmin,2024-06-01 01:30:00,ride,86.4,69.0,131.3,210.0,172.0
ath_02,strava,2024-01-23 16:30:00+00:00,ride,122.3,61.5,151.0,,
ath_03,strava,2024-02-12 11:30:00+00:00,ride,102.0,90.0,136.9,290.0,
ath_01,strava,2024-07-27 09:30:00+00:00,ride,86.0,50.8,163.4,,176.0
ath_02,garmin,2024-01-20 03:45:00,other,38.8,29.1,,,165.0
ath_03,garmin,2024-01-24 11:23:00,run,61.9,63.8,140.0,,
ath_02,strava,2024-02-02 06:45:00+00:00,run,52.9,47.7,126.9,,165.0
ath_01,garmin,2024-04-25 03:00:00,run,63.2,55.8,137.9,210.0,
ath_01,strava,2024-05-31 16:23:00+00:00,swim,42.6,32.4,131.2,,
ath_00,strava,2024-06-23 19:06:57+00:00,run,30.6,76.5,132.2,,165.0
ath_04,garmin,2024-04-04 04:00:00,ride,94.3,37.1,143.7,,
ath_05,garmin,2024-07-25 10:45:00,ride,63.4,45.9,133.4,,172.0
ath_01,garmin,2024-03-09 11:14:50,ride,64.5,67.8,147.5,,
ath_02,strava,2024-04-30 14:00:00+00:00,run,17.8,38.1,137.6,240.0,
ath_03,strava,2024-05-31 19:44:46+00:00,ride,64.1,28.6,126.5,290.0,158.0
ath_04,garmin,2024-03-08 12:30:00,run,46.3,72.2,139.7,,172.0
ath_05,garmin,2024-05-02 12:15:00,ride,117.3,67.4,115.8,,172.0
ath_01,strava,2024-02-19 14:15:00+00:00,ride,121.2,29.6,133.2,,
ath_05,strava,2024-02-09 15:23:00+00:00,run,28.7,41.1,133.0,,
ath_04,strava,2024-02-06 16:30:00+00:00,ride,115.2,97.4,137.9,225.0,
ath_03,garmin,2024-01-26 01:00:00,other,18.7,48.1,,290.0,158.0
ath_05,strava,2024-01-24 16:07:00+00:00,swim,14.9,35.4,153.2,,172.0
ath_05,strava,2024-04-24 12:07:00+00:00,swim,32.7,40.1,137.3,,172.0
ath_02,strava,2024-03-15 16:00:00+00:00,ride,91.7,83.8,135.7,,
ath_05,strava,2024-01-15 10:15:00+00:00,other,30.5,33.0,,,
ath_04,strava,2024-06-22 09:30:00+00:00,ride,105.1,47.7,105.9,,172.0
ath_04,garmin,2024-05-26 05:07:00,run,71.0,68.5,118.7,225.0,172.0
ath_02,strava,2024-04-08 20:23:00+00:00,run,48.9,65.3,130.5,,165.0
ath_02,strava,2024-04-30 05:23:00+00:00,ride,96.9,88.5,142.7,,
ath_02,strava,2024-06-16 17:00:00+00:00,run,49.7,49.1,137.0,,165.0
ath_05,strava,2024-03-12 11:00:00+00:00,run,52.8,43.6,141.1,,172.0
ath_01,garmin,2024-02-22 01:00:00,swim,71.2,26.3,158.7,210.0,176.0
ath_02,strava,2024-04-16 13:45:00+00:00,ride,106.5,66.6,149.8,,
ath_01,garmin,2024-03-20 11:15:00,run,33.2,35.6,149.5,,176.0
ath_04,garmin,2024-02-16 05:07:00,ride,87.8,85.9,140.2,225.0,172.0
ath_04,garmin,2024-02-13 10:45:00,ride,69.7,54.5,119.7,225.0,172.0
ath_00,strava,2024-04-30 05:30:00+00:00,run,65.3,61.4,136.7,,
ath_05,strava,2024-02-04 19:45:00+00:00,run,44.5,24.3,162.9,,172.0
ath_04,garmin,2024-02-08 12:00:00,ride,88.1,81.9,138.5,225.0,
ath_02,garmin,2024-03-28 09:14:56,ride,119.5,64.1,134.0,240.0,
ath_05,strava,2024-05-09 13:59:51+00:00,swim,30.7,51.5,141.1,,172.0
ath_05,garmin,2024-01-21 04:15:00,ride,62.9,60.6,146.9,210.0,172.0
ath_00,garmin,2024-05-23 02:00:00,run,61.7,45.6,124.3,225.0,165.0
ath_04,strava,2024-04-22 15:07:00+00:00,run,14.3,66.4,143.9,,
ath_04,strava,2024-03-20 07:30:00+00:00,swim,53.7,26.6,141.1,,172.0
ath_02,strava,2024-02-27 19:45:00+00:00,run,29.9,69.2,129.2,,
ath_04,garmin,2024-02-01 05:07:00,run,41.9,88.6,138.9,225.0,
ath_04,garmin,2024-03-28 09:15:00,run,82.9,84.2,137.5,,172.0
ath_03,strava,2024-01-20 07:45:00+00:00,ride,87.0,64.7,131.5,290.0,
ath_04,garmin,2024-03-21 09:30:00,run,12.3,55.3,141.4,225.0,172.0
ath_01,garmin,2024-04-09 09:23:00,run,40.7,63.6,152.2,210.0,176.0
ath_00,garmin,2024-06-16 02:45:00,swim,83.6,54.0,146.2,,165.0
ath_03,strava,2024-03-12 16:00:00+00:00,other,41.9,20.4,,290.0,
ath_04,strava,2024-03-28 20:45:00+00:00,ride,91.2,31.1,134.9,,
ath_04,strava,2024-01-13 10:30:00+00:00,run,33.4,54.8,151.5,,172.0
ath_04,strava,2024-01-19 18:00:00+00:00,run,39.0,46.7,138.4,,
ath_05,garmin,2024-07-17 15:00:00,ride,81.9,115.0,144.7,,172.0
ath_02,strava,2024-06-05 17:23:00+00:00,ride,120.2,145.1,152.5,240.0,165.0
ath_04,garmin,2024-01-12 07:14:40,swim,73.4,46.7,164.6,,
ath_01,garmin,2024-01-20 02:30:00,swim,45.4,40.6,150.4,210.0,
ath_00,garmin,2024-07-02 09:23:00,swim,47.9,44.7,134.5,,
ath_04,strava,2024-02-02 10:00:00+00:00,run,36.6,17.8,145.5,225.0,
ath_05,garmin,2024-01-24 12:30:00,swim,65.0,46.3,135.0,210.0,172.0
ath_03,strava,2024-04-21 15:45:00+00:00,run,32.5,73.7,114.9,290.0,
ath_02,garmin,2024-05-17 01:23:00,ride,102.4,33.1,136.5,,165.0
ath_05,garmin,2024-01-07 07:15:00,run,49.4,38.3,152.2,,172.0
ath_00,garmin,2024-01-12 02:00:00,ride,102.5,87.2,144.7,,
ath_02,strava,2024-01-20 05:07:00+00:00,run,71.3,53.1,116.9,,
ath_04,garmin,2024-03-09 06:45:00,run,60.0,68.5,153.1,,172.0
ath_04,garmin,2024-06-19 04:07:00,ride,65.7,134.9,135.7,225.0,172.0
ath_02,garmin,2024-02-23 05:23:00,swim,61.8,47.5,128.4,,165.0
ath_00,garmin,2024-06-26 01:45:00,run,66.7,76.5,122.2,225.0,165.0
ath_04,strava,2024-06-29 18:23:00+00:00,ride,59.6,36.9,166.5,225.0,172.0
ath_03,garmin,2024-06-20 12:15:00,ride,81.6,67.4,130.8,,158.0
ath_05,strava,2024-04-03 13:23:00+00:00,swim,76.6,45.1,148.2,,172.0
ath_05,garmin,2024-02-22 07:00:00,ride,107.7,110.6,127.0,210.0,
ath_02,strava,2024-03-04 16:15:00+00:00,ride,79.9,71.8,130.3,,165.0
ath_01,strava,2024-04-23 15:45:00+00:00,swim,77.8,13.5,132.5,210.0,
ath_04,garmin,2024-04-11 15:23:00,run,78.7,68.6,161.1,,172.0
ath_03,strava,2024-06-23 11:45:00+00:00,run,58.5,59.7,120.9,290.0,
ath_00,strava,2024-01-18 16:07:00+00:00,ride,82.4,75.7,130.7,,
ath_01,strava,2024-05-10 17:00:00+00:00,swim,40.9,58.1,169.5,210.0,176.0
ath_03,garmin,2024-05-13 15:07:00,ride,65.2,88.1,140.8,290.0,
ath_02,strava,2024-07-12 11:45:00+00:00,run,34.3,27.4,124.1,,
ath_01,strava,2024-07-23 13:07:00+00:00,other,43.2,38.4,,,176.0
ath_03,strava,2024-04-13 10:30:00+00:00,run,72.1,91.0,133.5,290.0,158.0
ath_03,strava,2024-02-29 14:07:00+00:00,ride,79.7,38.5,135.9,,
ath_03,garmin,2024-03-31 01:15:00,run,40.6,33.1,127.9,,
ath_01,garmin,2024-06-13 15:30:00,ride,92.5,86.8,127.8,,176.0
ath_03,strava,2024-05-06 08:07:00+00:00,run,43.6,47.1,127.4,,
ath_02,strava,2024-03-25 14:59:56+00:00,swim,59.4,28.6,138.5,240.0,
ath_02,strava,2024-01-01 11:23:00+00:00,ride,87.8,5.0,121.8,240.0,165.0
ath_02,strava,2024-06-03 17:38:30+00:00,run,13.7,20.8,120.6,240.0,
ath_02,strava,2024-06-26 12:30:00+00:00,run,29.2,65.6,133.6,,
ath_02,strava,2024-05-21 05:00:00+00:00,ride,60.0,111.1,155.4,,
ath_05,strava,2024-03-14 09:15:00+00:00,ride,92.9,109.9,154.5,210.0,
ath_00,strava,2024-05-04 08:00:00+00:00,swim,39.5,47.9,153.6,,165.0
ath_04,strava,2024-03-01 19:45:00+00:00,ride,121.4,60.6,146.5,225.0,
ath_00,garmin,2024-04-03 01:15:00,ride,99.8,63.8,152.3,225.0,165.0
ath_05,garmin,2024-01-04 14:00:00,run,61.1,59.8,157.6,,172.0
ath_02,strava,2024-06-02 15:15:00+00:00,swim,10.6,57.3,136.5,,165.0
ath_01,strava,2024-04-19 09:23:00+00:00,run,50.6,66.6,131.6,,
ath_01,strava,2024-03-29 20:23:00+00:00,run,30.3,55.1,116.5,,
ath_02,garmin,2024-02-27 00:00:00,run,36.4,34.2,126.5,,165.0
ath_01,strava,2024-03-17 20:30:00+00:00,run,39.9,38.0,155.9,,176.0
ath_03,garmin,2024-02-02 02:23:10,ride,139.8,79.9,130.7,,
ath_03,garmin,2024-07-28 10:15:00,ride,109.8,100.4,106.0,290.0,
ath_01,strava,2024-03-10 17:30:00+00:00,run,39.3,28.9,147.9,,
ath_01,garmin,2024-04-15 13:15:00,run,69.8,86.0,151.0,,
ath_00,strava,2024-04-30 15:15:00+00:00,ride,97.4,38.4,138.0,,
ath_01,garmin,2024-04-21 10:32:54,run,20.0,24.2,155.2,,
ath_01,garmin,2024-02-20 12:30:00,run,71.1,38.3,147.8,,
ath_00,garmin,2024-05-12 03:00:00,swim,67.3,53.9,115.0,,
ath_04,garmin,2024-03-25 07:23:00,run,32.8,60.0,151.6,225.0,
ath_01,garmin,2024-02-18 13:23:00,other,36.6,14.8,,,
ath_01,garmin,2024-02-13 08:45:00,run,51.6,75.3,144.7,210.0,176.0
ath_04,strava,2024-02-04 05:45:00+00:00,ride,105.2,37.3,120.1,,172.0
ath_02,strava,2024-05-11 06:15:00+00:00,other,39.7,15.3,,,165.0
ath_04,strava,2024-01-23 16:15:00+00:00,ride,111.4,63.7,149.0,,172.0
ath_01,garmin,2024-01-03 06:23:00,run,54.7,96.9,131.8,,
ath_03,strava,2024-03-14 18:00:00+00:00,ride,86.3,70.8,122.3,290.0,158.0
ath_03,strava,2024-07-10 14:45:00+00:00,swim,56.0,69.0,103.1,,158.0
ath_03,strava,2024-04-22 11:30:00+00:00,run,25.6,52.3,129.7,290.0,158.0
ath_02,garmin,2024-05-21 16:45:00,swim,37.9,35.7,123.5,,
ath_04,strava,2024-04-18 14:23:00+00:00,swim,55.1,48.1,140.2,225.0,
ath_02,garmin,2024-04-18 01:00:00,swim,55.8,46.4,119.2,,
ath_03,strava,2024-04-16 14:00:00+00:00,ride,130.0,24.5,124.7,290.0,
ath_04,garmin,2024-04-30 13:30:00,swim,45.1,56.2,159.9,,
ath_04,garmin,2024-07-12 14:30:00,ride,81.0,89.1,146.6,225.0,172.0
ath_02,strava,2024-02-07 05:07:00+00:00,run,50.2,58.0,133.2,,
ath_00,garmin,2024-07-03 05:07:00,run,57.0,45.0,156.8,,165.0
ath_04,strava,2024-01-10 10:00:00+00:00,run,60.1,15.3,110.2,,
ath_04,strava,2024-03-29 11:07:00+00:00,run,58.2,47.1,150.2,,172.0
ath_04,strava,2024-02-04 19:23:00+00:00,run,10.4,22.1,146.9,225.0,172.0
ath_04,strava,2024-06-16 17:30:00+00:00,run,86.1,58.7,158.2,,172.0
ath_03,garmin,2024-02-17 03:45:00,ride,83.2,59.8,124.9,,
ath_04,strava,2024-04-23 15:30:00+00:00,run,69.5,31.8,156.5,,
ath_03,garmin,2024-01-03 06:45:00,ride,83.7,79.9,143.7,,158.0
ath_02,strava,2024-03-18 10:23:00+00:00,run,36.7,57.8,151.1,,165.0
ath_00,strava,2024-02-16 19:30:00+00:00,run,66.3,60.5,132.6,,
ath_05,garmin,2024-01-13 06:23:00,other,28.6,39.4,,,
ath_02,garmin,2024-06-05 09:00:00,run,69.2,34.5,122.4,240.0,165.0
ath_03,strava,2024-03-12 08:00:00+00:00,run,45.4,28.8,135.0,,
ath_01,garmin,2024-02-01 08:07:00,run,62.6,68.3,139.2,,176.0
ath_05,garmin,2024-01-04 07:14:40,ride,103.0,85.1,158.4,,
ath_05,garmin,2024-04-27 10:45:00,ride,57.3,115.1,113.3,,172.0
ath_02,garmin,2024-01-28 11:07:00,run,35.8,73.9,117.1,240.0,165.0
ath_04,strava,2024-04-22 10:23:00+00:00,ride,80.5,69.2,146.9,225.0,172.0
ath_00,garmin,2024-04-20 07:23:00,run,52.3,32.4,125.2,,
ath_04,strava,2024-05-27 10:45:00+00:00,ride,72.2,82.6,143.5,225.0,
ath_03,strava,2024-01-18 07:45:00+00:00,swim,68.9,60.5,143.9,,158.0
ath_02,garmin,2024-03-15 09:15:00,run,55.7,60.9,130.2,,
ath_04,strava,2024-07-20 11:07:00+00:00,ride,76.4,59.5,113.9,225.0,
ath_02,strava,2024-04-13 06:23:00+00:00,ride,75.1,97.6,136.9,,165.0
ath_04,garmin,2024-07-28 15:23:00,run,56.8,81.6,135.4,,172.0
ath_02,strava,2024-02-06 07:07:00+00:00,run,41.6,83.9,108.5,,
ath_04,strava,2024-07-08 13:15:00+00:00,ride,59.0,75.5,145.5,225.0,172.0
ath_01,strava,2024-07-11 11:15:00+00:00,other,22.1,29.8,,210.0,
ath_05,garmin,2024-03-20 12:00:00,run,72.1,50.9,151.9,,
ath_01,garmin,2024-07-27 16:45:00,ride,94.5,72.3,142.0,,176.0
ath_02,garmin,2024-07-24 05:45:00,run,42.1,54.9,106.7,,
ath_02,garmin,2024-02-05 10:30:00,ride,42.3,64.4,146.8,,165.0
ath_05,garmin,2024-06-25 07:07:00,ride,101.6,78.9,140.1,,
ath_00,garmin,2024-01-31 06:45:00,ride,93.1,48.3,153.4,225.0,
ath_05,garmin,2024-03-29 13:30:00,ride,82.5,74.1,139.4,,
ath_00,garmin,2024-07-20 14:30:00,run,46.5,70.1,159.3,,165.0
ath_03,strava,2024-04-20 16:30:00+00:00,ride,120.7,59.7,102.1,,
ath_01,garmin,2024-01-15 12:23:00,swim,48.4,39.6,131.8,,176.0
ath_00,strava,2024-03-09 13:23:00+00:00,run,81.8,73.7,147.6,225.0,165.0
ath_04,strava,2024-04-06 13:30:00+00:00,run,30.7,37.2,135.2,225.0,
ath_03,strava,2024-07-08 12:23:00+00:00,run,86.6,64.7,117.8,290.0,158.0
ath_00,garmin,2024-06-02 13:31:59,run,29.4,21.3,127.3,,
ath_04,strava,2024-01-08 17:15:00+00:00,ride,108.6,31.4,126.9,225.0,
ath_04,garmin,2024-03-19 02:07:00,ride,108.9,77.4,155.9,,
ath_03,garmin,2024-05-09 14:15:00,ride,128.5,144.1,138.0,290.0,
ath_01,garmin,2024-03-10 05:15:15,ride,94.2,97.2,135.1,,
ath_05,strava,2024-04-22 13:23:00+00:00,ride,94.3,78.8,118.8,,172.0
ath_04,strava,2024-04-04 08:00:07+00:00,ride,94.3,37.1,143.7,,
ath_05,strava,2024-04-09 09:41:54+00:00,swim,15.9,12.8,143.9,,172.0
ath_05,garmin,2024-06-27 11:00:00,ride,77.6,91.8,149.8,210.0,172.0
ath_01,garmin,2024-05-25 05:23:00,swim,64.9,63.8,144.9,,
ath_02,strava,2024-07-15 07:00:00+00:00,swim,55.9,49.1,140.0,240.0,
ath_02,garmin,2024-02-02 02:15:00,run,12.7,63.6,160.2,240.0,165.0
ath_04,strava,2024-03-21 09:30:00+00:00,ride,95.8,96.4,160.0,,
ath_04,strava,2024-01-10 16:07:00+00:00,ride,99.8,88.1,137.8,225.0,172.0
ath_00,strava,2024-02-22 10:45:00+00:00,swim,54.8,47.9,146.1,225.0,165.0
ath_04,garmin,2024-03-08 07:15:00,run,36.6,36.6,129.9,,172.0
ath_00,strava,2024-01-01 08:15:00+00:00,ride,105.6,65.2,146.0,,165.0
ath_01,garmin,2024-01-20 07:23:00,run,80.5,42.7,107.5,210.0,176.0
ath_02,strava,2024-07-10 16:23:00+00:00,ride,96.0,61.4,136.7,240.0,165.0
ath_04,garmin,2024-06-27 12:07:00,run,62.0,46.6,139.2,225.0,172.0
ath_02,garmin,2024-03-31 08:30:00,swim,68.8,43.8,146.1,,165.0
ath_00,garmin,2024-02-21 02:44:53,run,41.5,73.2,131.9,225.0,
ath_04,strava,2024-02-28 21:39:36+00:00,ride,34.4,43.4,139.0,225.0,172.0
ath_01,garmin,2024-05-18 07:30:00,ride,89.2,124.5,163.9,,176.0
ath_02,garmin,2024-03-02 00:07:00,ride,119.8,93.0,131.2,,165.0
ath_03,garmin,2024-02-26 11:45:00,run,59.5,58.8,128.5,,
ath_01,strava,2024-04-04 20:00:00+00:00,swim,19.0,15.6,142.9,210.0,176.0
ath_01,strava,2024-07-10 19:43:18+00:00,other,6.8,11.1,,210.0,
ath_04,strava,2024-06-18 09:23:00+00:00,run,29.9,87.4,138.2,,
ath_05,garmin,2024-06-09 14:07:00,other,17.8,37.4,,,
ath_01,garmin,2024-06-29 13:45:00,ride,101.7,79.0,154.5,,
ath_01,strava,2024-07-25 11:00:00+00:00,run,49.7,67.5,140.4,210.0,
ath_05,garmin,2024-03-12 01:15:00,ride,98.6,68.6,124.3,,
ath_04,garmin,2024-06-09 08:30:00,ride,83.8,87.8,155.3,,172.0
ath_02,strava,2024-03-10 07:01:18+00:00,run,28.8,29.0,116.0,240.0,165.0
ath_00,garmin,2024-03-12 02:45:00,swim,16.4,24.1,121.3,225.0,
ath_01,garmin,2024-04-20 16:15:00,run,63.1,73.7,157.9,210.0,176.0
ath_00,garmin,2024-06-07 06:45:00,ride,95.6,79.7,147.3,,165.0
ath_00,strava,2024-04-15 15:07:00+00:00,run,55.1,59.7,127.8,,165.0
ath_04,strava,2024-06-30 07:23:00+00:00,ride,115.6,67.6,132.5,,172.0
ath_00,garmin,2024-02-10 10:00:00,swim,62.8,37.5,111.6,225.0,165.0
ath_03,garmin,2024-06-18 17:34:06,ride,40.7,26.4,116.5,290.0,
ath_02,garmin,2024-07-05 16:07:00,ride,95.8,71.5,117.5,,165.0
ath_03,strava,2024-02-16 15:23:00+00:00,ride,88.2,75.5,137.5,,
ath_02,strava,2024-03-10 06:15:00+00:00,run,43.3,43.5,116.0,240.0,165.0
ath_02,strava,2024-03-18 09:00:00+00:00,swim,42.0,40.0,131.8,240.0,
ath_04,garmin,2024-05-12 14:00:00,run,23.6,53.1,115.0,225.0,172.0
ath_01,garmin,2024-07-13 05:15:00,run,35.4,31.9,160.3,,176.0
ath_04,strava,2024-04-17 19:30:00+00:00,ride,98.0,90.8,131.7,225.0,
ath_02,strava,2024-07-11 15:07:00+00:00,swim,35.5,20.3,137.6,,165.0
ath_05,garmin,2024-01-21 08:45:00,ride,85.2,76.9,149.7,,172.0
ath_04,garmin,2024-02-17 01:45:00,run,46.9,45.6,136.4,225.0,
ath_05,garmin,2024-02-11 09:30:00,ride,95.5,85.0,142.3,210.0,
ath_02,garmin,2024-07-09 03:30:00,ride,79.5,36.3,159.8,,
ath_04,strava,2024-03-08 17:30:18+00:00,run,46.3,72.2,139.7,,172.0
ath_01,garmin,2024-03-02 00:07:00,swim,29.4,22.4,147.4,,176.0
ath_02,strava,2024-04-03 12:07:00+00:00,run,43.4,41.3,137.6,,
ath_03,garmin,2024-07-08 02:45:00,run,36.4,98.9,122.3,,158.0
ath_05,strava,2024-03-02 08:30:00+00:00,run,56.4,66.3,136.1,,172.0
ath_05,strava,2024-02-25 20:00:00+00:00,run,16.0,62.6,139.4,,
ath_05,strava,2024-04-05 10:45:00+00:00,ride,129.6,94.1,136.0,,172.0
ath_00,strava,2024-04-10 17:45:00+00:00,run,54.9,26.5,137.2,,165.0
ath_02,strava,2024-05-23 13:00:00+00:00,run,44.2,87.2,137.6,,
ath_04,garmin,2024-04-08 11:30:00,run,51.9,100.2,147.4,,172.0
ath_05,strava,2024-05-12 14:45:00+00:00,run,71.5,49.1,133.3,210.0,172.0
ath_05,strava,2024-01-30 12:07:00+00:00,ride,85.9,33.6,141.2,,
ath_04,strava,2024-02-22 14:07:00+00:00,swim,52.7,29.7,130.5,,
ath_01,garmin,2024-04-16 09:30:00,run,64.1,35.5,145.2,,
ath_03,garmin,2024-03-23 02:23:00,ride,97.2,72.1,127.2,,
ath_04,garmin,2024-01-12 14:45:00,swim,79.0,33.9,156.1,225.0,
ath_04,strava,2024-07-10 17:30:00+00:00,run,47.4,55.7,144.9,225.0,
ath_02,garmin,2024-05-03 14:44:59,swim,42.0,49.4,124.0,240.0,
ath_02,garmin,2024-07-27 16:14:59,run,71.2,68.5,131.2,240.0,165.0
ath_01,strava,2024-05-22 17:30:01+00:00,ride,117.6,57.7,151.3,,
ath_01,strava,2024-05-18 08:30:00+00:00,run,38.0,85.5,139.3,210.0,176.0
ath_01,strava,2024-05-02 05:30:00+00:00,swim,53.9,47.8,158.5,210.0,
ath_04,garmin,2024-03-13 10:45:00,ride,102.0,103.8,156.4,,
ath_04,garmin,2024-05-13 15:30:05,run,43.9,40.0,130.3,,
ath_03,garmin,2024-01-29 02:23:00,ride,101.4,102.7,111.9,290.0,
ath_02,strava,2024-02-12 09:07:00+00:00,run,52.8,46.7,140.2,,
ath_04,garmin,2024-03-06 05:23:00,run,38.0,63.5,129.0,225.0,
ath_01,garmin,2024-03-05 03:45:00,run,46.7,87.3,149.1,,176.0
ath_04,strava,2024-02-14 05:30:00+00:00,run,78.7,9.9,142.3,,172.0
ath_02,garmin,2024-03-29 04:15:00,ride,114.3,101.7,137.1,,
ath_03,strava,2024-06-08 13:45:00+00:00,run,39.8,79.1,131.2,,
ath_02,strava,2024-03-20 15:30:00+00:00,swim,63.7,60.5,147.2,,
ath_00,strava,2024-04-04 17:30:13+00:00,run,39.3,83.8,126.2,225.0,165.0
ath_02,strava,2024-05-13 08:07:00+00:00,ride,90.8,73.8,147.8,,165.0
ath_05,strava,2024-07-21 06:23:00+00:00,run,34.4,51.8,132.9,,
ath_01,strava,2024-05-31 12:15:00+00:00,run,61.1,17.1,156.1,210.0,
ath_00,strava,2024-03-13 07:07:00+00:00,run,55.4,59.0,136.0,225.0,
ath_03,strava,2024-02-04 08:45:00+00:00,swim,57.2,58.3,133.0,,
ath_01,strava,2024-06-18 16:15:00+00:00,run,51.1,63.8,157.4,,176.0
ath_02,garmin,2024-05-04 13:30:00,swim,37.2,34.3,115.3,,
ath_04,strava,2024-01-13 07:00:00+00:00,ride,71.6,40.2,138.2,,
ath_01,strava,2024-07-07 09:30:00+00:00,ride,82.4,99.5,125.7,,
ath_02,strava,2024-06-27 13:07:00+00:00,other,35.2,27.3,,,
ath_01,strava,2024-04-22 07:45:00+00:00,ride,70.9,97.9,164.9,,
ath_02,garmin,2024-04-03 14:00:00,ride,105.3,109.1,132.5,,
ath_00,garmin,2024-06-23 05:00:00,swim,23.8,62.7,134.8,225.0,
ath_01,strava,2024-05-06 13:00:00+00:00,ride,85.0,71.9,148.9,,176.0
ath_02,garmin,2024-01-29 02:07:00,ride,80.0,47.0,152.6,,165.0
ath_00,garmin,2024-01-05 03:07:00,ride,104.6,66.9,133.2,225.0,165.0
ath_05,strava,2024-07-12 16:07:00+00:00,run,41.2,40.4,137.0,210.0,172.0
ath_02,strava,2024-02-28 19:30:00+00:00,run,60.5,54.1,111.8,,
ath_03,strava,2024-02-17 10:45:00+00:00,ride,82.3,70.4,133.4,,
ath_04,garmin,2024-06-16 13:29:49,run,86.1,58.7,158.2,,172.0
ath_03,strava,2024-05-10 17:07:00+00:00,run,45.6,62.7,139.6,290.0,158.0
ath_05,garmin,2024-05-06 16:45:00,run,41.7,58.3,145.7,210.0,
ath_02,strava,2024-05-10 11:15:00+00:00,swim,85.6,46.3,121.4,,165.0
ath_03,strava,2024-04-03 06:30:00+00:00,other,8.0,25.6,,,158.0
ath_01,strava,2024-07-28 11:00:00+00:00,other,45.5,18.0,,210.0,
ath_04,garmin,2024-05-10 15:30:00,run,59.7,40.8,134.4,,
ath_02,garmin,2024-04-21 02:30:00,run,65.8,72.9,140.4,240.0,165.0
ath_01,strava,2024-02-04 18:45:00+00:00,ride,96.9,74.8,131.8,,
ath_02,garmin,2024-06-03 06:45:00,ride,89.7,94.0,148.5,240.0,165.0
ath_05,strava,2024-01-04 12:15:00+00:00,ride,103.0,85.1,158.4,,
ath_04,strava,2024-02-04 05:00:00+00:00,other,18.6,18.7,,225.0,
ath_01,garmin,2024-04-03 12:30:00,ride,77.2,93.2,146.5,,176.0
ath_00,strava,2024-03-26 11:07:00+00:00,ride,90.2,105.3,133.2,,
ath_02,garmin,2024-03-19 03:07:00,ride,92.8,71.2,122.7,240.0,
ath_01,strava,2024-06-26 17:45:00+00:00,run,39.8,80.7,160.0,210.0,176.0
ath_04,strava,2024-05-30 20:23:00+00:00,ride,97.4,60.8,144.2,225.0,172.0
ath_02,strava,2024-01-31 17:15:00+00:00,run,43.7,69.5,149.0,240.0,165.0
ath_02,garmin,2024-06-08 04:07:00,ride,109.4,63.1,130.5,240.0,165.0
ath_04,strava,2024-06-15 12:15:00+00:00,run,50.7,72.1,149.6,,
ath_01,garmin,2024-03-26 05:15:00,other,68.8,33.9,,,
ath_02,strava,2024-07-23 20:23:30+00:00,ride,38.4,34.6,127.3,240.0,
ath_00,strava,2024-03-26 05:23:00+00:00,ride,63.7,23.9,146.1,,165.0
ath_02,strava,2024-06-16 17:00:00+00:00,run,75.0,59.7,143.2,,
ath_02,strava,2024-03-30 19:00:00+00:00,ride,103.1,85.1,132.8,,
ath_05,garmin,2024-07-10 04:15:00,swim,82.6,52.4,157.2,,
ath_00,strava,2024-03-15 05:45:00+00:00,ride,116.3,50.2,132.3,225.0,165.0
ath_05,strava,2024-05-19 07:30:00+00:00,ride,116.4,54.5,141.5,,172.0
ath_02,strava,2024-04-28 15:23:00+00:00,run,46.8,61.1,124.8,,
ath_04,strava,2024-04-27 08:30:00+00:00,ride,69.8,37.0,126.0,225.0,
ath_01,garmin,2024-01-05 02:45:00,swim,54.6,45.9,146.7,,
ath_01,garmin,2024-04-30 11:45:00,ride,92.1,122.1,141.8,,
ath_02,strava,2024-01-12 18:07:00+00:00,run,21.2,25.7,123.0,240.0,
ath_04,strava,2024-07-20 12:26:24+00:00,ride,50.9,39.7,113.9,225.0,
ath_04,garmin,2024-01-26 06:07:00,other,15.3,14.7,,225.0,
ath_05,strava,2024-03-26 10:07:00+00:00,ride,73.1,45.4,172.4,,
ath_01,garmin,2024-06-07 03:07:00,run,47.2,60.7,141.5,210.0,176.0
ath_04,strava,2024-07-21 06:15:00+00:00,ride,58.3,48.7,115.7,,172.0
ath_05,garmin,2024-06-27 13:30:00,ride,118.8,101.9,133.8,210.0,172.0
ath_02,strava,2024-07-27 20:15:00+00:00,run,71.2,68.5,131.2,240.0,165.0
ath_01,strava,2024-06-15 09:30:00+00:00,run,43.9,48.6,130.1,210.0,
ath_05,strava,2024-07-01 20:00:00+00:00,other,47.1,29.0,,210.0,
ath_02,garmin,2024-05-10 07:15:05,swim,85.6,46.3,121.4,,165.0
ath_04,garmin,2024-04-22 08:00:00,run,48.5,36.5,151.6,225.0,172.0
ath_02,garmin,2024-03-14 16:45:00,ride,73.5,110.3,143.6,240.0,165.0
ath_01,garmin,2024-06-17 08:23:00,ride,81.5,102.3,141.1,210.0,176.0
ath_03,strava,2024-06-07 14:15:00+00:00,run,66.5,45.9,108.1,,158.0
ath_02,strava,2024-06-03 17:15:00+00:00,run,20.5,31.2,120.6,240.0,
ath_03,strava,2024-06-16 16:30:00+00:00,run,82.7,72.0,122.2,,158.0
ath_05,garmin,2024-05-01 05:00:00,run,35.8,94.0,133.9,,172.0
ath_00,strava,2024-03-29 19:15:00+00:00,run,59.1,93.5,121.4,225.0,
ath_03,garmin,2024-01-29 05:30:00,run,13.4,31.2,146.7,290.0,158.0
ath_04,garmin,2024-02-02 06:23:00,run,44.7,63.9,145.2,225.0,
ath_02,strava,2024-03-22 07:23:00+00:00,other,73.4,31.3,,,165.0
ath_02,strava,2024-04-20 17:07:00+00:00,swim,34.5,56.3,124.3,,
